,0
F0.php, E O E INIT_FCALL SEND_VAL INIT_FCALL SEND_VAL DO_ICALL SEND_VAR DO_ICALL FETCH_CONSTANT CONCAT INCLUDE_OR_EVAL REQUIRE INIT_STATIC_METHOD_CALL DO_FCALL RETURN
F1.php, E O E INIT_FCALL INIT_FCALL SEND_VAL DO_ICALL CONCAT SEND_VAL DO_ICALL ASSIGN INIT_FCALL INIT_FCALL SEND_REF DO_ICALL SEND_VAR DO_ICALL INIT_ARRAY RETURN RETURN
F10.php, E O E FETCH_CLASS DECLARE_INHERITED_CLASS RETURN E O E RECV_INIT INIT_STATIC_METHOD_CALL SEND_VAR_EX DO_FCALL FETCH_OBJ_R FETCH_DIM_R FE_RESET_R FE_FETCH_R ASSIGN INIT_NS_FCALL_BY_NAME SEND_VAR_EX DO_FCALL JMPZ_EX ISSET_ISEMPTY_DIM_OBJ BOOL_NOT BOOL JMPZ ASSIGN_DIM OP_DATA INIT_STATIC_METHOD_CALL SEND_VAR_EX DO_FCALL FETCH_OBJ_W ASSIGN_DIM OP_DATA JMP FE_FREE RETURN E O E RECV FETCH_OBJ_R FETCH_DIM_R INIT_METHOD_CALL SEND_VAR_EX DO_FCALL RETURN RETURN E O E RECV RECV FETCH_OBJ_R FE_RESET_R FE_FETCH_R INIT_METHOD_CALL SEND_VAR_EX SEND_VAR_EX DO_FCALL JMPZ FE_FREE RETURN JMP FE_FREE RETURN VERIFY_RETURN_TYPE RETURN E O E RECV FETCH_OBJ_R FETCH_DIM_R INIT_METHOD_CALL SEND_VAR_EX DO_FCALL VERIFY_RETURN_TYPE RETURN VERIFY_RETURN_TYPE RETURN
F100.php, E O E FETCH_CLASS DECLARE_INHERITED_CLASS RETURN
F1000.php, E O E NOP RETURN E O E RETURN RETURN
F1001.php, E O E INIT_STATIC_METHOD_CALL SEND_VAL_EX SEND_VAL_EX DO_FCALL RETURN
F1002.php, E O E FETCH_CLASS DECLARE_INHERITED_CLASS RETURN
F1003.php, E O E FETCH_CLASS DECLARE_INHERITED_CLASS RETURN E O E ASSIGN_OBJ OP_DATA RETURN
F1004.php, E O E FETCH_CLASS DECLARE_INHERITED_CLASS RETURN
F1005.php, E O E FETCH_CLASS DECLARE_INHERITED_CLASS RETURN
F1006.php, E O E FETCH_CLASS DECLARE_INHERITED_CLASS RETURN
F1007.php, E O E NOP RETURN E O E RETURN RETURN
F1008.php, E O E ECHO INIT_METHOD_CALL SEND_VAL_EX DO_FCALL ECHO INIT_FCALL_BY_NAME SEND_VAL_EX SEND_VAL_EX DO_FCALL ECHO RETURN
F101.php, E O E FETCH_CLASS DECLARE_INHERITED_CLASS RETURN
F1010.php, E O E FETCH_CLASS DECLARE_INHERITED_CLASS RETURN
F1011.php, E O E FETCH_CLASS DECLARE_INHERITED_CLASS RETURN E O E RECV INIT_STATIC_METHOD_CALL SEND_VAL_EX SEND_VAL_EX DO_FCALL INIT_METHOD_CALL SEND_VAL_EX SEND_VAL_EX DO_FCALL INIT_METHOD_CALL SEND_VAL_EX SEND_VAL_EX DO_FCALL RETURN
F1012.php, E O E INIT_STATIC_METHOD_CALL SEND_VAL_EX SEND_VAL_EX DO_FCALL RETURN
F1013.php, E O E INIT_STATIC_METHOD_CALL SEND_VAL_EX SEND_VAL_EX DO_FCALL RETURN
F1014.php, E O E INIT_STATIC_METHOD_CALL SEND_VAL_EX SEND_VAL_EX DO_FCALL RETURN
F1015.php, E O E RETURN RETURN
F1016.php, E O E RETURN RETURN
F1017.php, E O E INIT_STATIC_METHOD_CALL SEND_VAL_EX SEND_VAL_EX DO_FCALL ISSET_ISEMPTY_CV JMPZ INIT_METHOD_CALL SEND_VAL_EX SEND_VAL_EX SEND_VAL_EX DO_FCALL RETURN
F1018.php, E O E RETURN RETURN
F1019.php, E O E RETURN RETURN
F102.php, E O E DECLARE_CLASS ADD_TRAIT ADD_TRAIT BIND_TRAITS ADD_INTERFACE VERIFY_ABSTRACT_CLASS RETURN E O E RECV RECV_INIT ASSIGN_OBJ OP_DATA INIT_METHOD_CALL SEND_VAR_EX DO_FCALL FETCH_OBJ_R JMPZ INIT_METHOD_CALL FETCH_OBJ_FUNC_ARG SEND_VAR_EX DO_FCALL ASSIGN_OBJ OP_DATA INIT_METHOD_CALL SEND_VAR_EX DO_FCALL RETURN E O E FETCH_OBJ_R INIT_METHOD_CALL DO_FCALL VERIFY_RETURN_TYPE RETURN VERIFY_RETURN_TYPE RETURN E O E RECV RETURN E O E RECV FETCH_OBJ_IS ISSET_ISEMPTY_DIM_OBJ JMPZ_EX ISSET_ISEMPTY_PROP_OBJ BOOL_NOT BOOL JMPZ FETCH_OBJ_R FETCH_DIM_R FETCH_DIM_R CAST ADD ASSIGN FETCH_OBJ_R INIT_METHOD_CALL FETCH_OBJ_FUNC_ARG FETCH_DIM_FUNC_ARG FETCH_DIM_FUNC_ARG SEND_VAR_EX SEND_VAR_EX DO_FCALL ASSIGN_OBJ OP_DATA ISSET_ISEMPTY_PROP_OBJ BOOL_NOT JMPZ RETURN FETCH_OBJ_R RETURN RETURN E O E ASSIGN ASSIGN FE_RESET_R FE_FETCH_R ASSIGN INIT_NS_FCALL_BY_NAME FETCH_THIS SEND_VAR_EX SEND_VAR_EX DO_FCALL JMPZ ASSIGN_DIM OP_DATA JMP FE_FREE VERIFY_RETURN_TYPE RETURN VERIFY_RETURN_TYPE RETURN E O E FETCH_OBJ_R INIT_ARRAY INIT_METHOD_CALL DO_FCALL ADD_ARRAY_ELEMENT INIT_METHOD_CALL DO_FCALL ADD_ARRAY_ELEMENT VERIFY_RETURN_TYPE RETURN VERIFY_RETURN_TYPE RETURN
F1020.php, E O E FETCH_CLASS DECLARE_INHERITED_CLASS RETURN E O E RETURN E O E RECV RECV RECV INIT_DYNAMIC_CALL SEND_VAR_EX SEND_VAR_EX DO_FCALL RETURN RETURN E O E RECV INIT_METHOD_CALL SEND_VAL_EX DECLARE_LAMBDA_FUNCTION SEND_VAL_EX DO_FCALL RETURN RETURN E O E RECV INIT_METHOD_CALL DECLARE_LAMBDA_FUNCTION SEND_VAL_EX DO_FCALL VERIFY_RETURN_TYPE RETURN VERIFY_RETURN_TYPE RETURN
F1021.php, E O E FETCH_CLASS DECLARE_INHERITED_CLASS RETURN
F1022.php, E O E FETCH_CLASS DECLARE_INHERITED_CLASS RETURN E O E RECV RECV RECV_INIT VERIFY_RETURN_TYPE RETURN E O E RECV RECV_INIT RETURN E O E RECV RECV_INIT RETURN E O E RECV RECV_INIT RETURN E O E RECV VERIFY_RETURN_TYPE RETURN E O E VERIFY_RETURN_TYPE RETURN E O E RECV VERIFY_RETURN_TYPE RETURN
F1023.php, E O E FETCH_CLASS DECLARE_INHERITED_CLASS RETURN E O E RECV RECV INIT_METHOD_CALL SEND_VAL_EX DO_FCALL VERIFY_RETURN_TYPE RETURN
F1024.php, E O E FETCH_CLASS DECLARE_INHERITED_CLASS RETURN
F1025.php, E O E FETCH_CLASS DECLARE_INHERITED_CLASS RETURN E O E ASSIGN_OBJ OP_DATA RETURN E O E ASSIGN_OBJ OP_DATA RETURN
F1026.php, E O E FETCH_CLASS DECLARE_INHERITED_CLASS RETURN E O E INIT_METHOD_CALL SEND_VAL_EX SEND_VAL_EX DO_FCALL RETURN E O E FETCH_OBJ_R INIT_METHOD_CALL SEND_VAL_EX DO_FCALL FETCH_OBJ_R RETURN RETURN
F1027.php, E O E FETCH_CLASS DECLARE_INHERITED_CLASS RETURN E O E RETURN
F1028.php, E O E FETCH_CLASS DECLARE_INHERITED_CLASS RETURN
F1029.php, E O E FETCH_CLASS DECLARE_INHERITED_CLASS RETURN
F103.php, E O E FETCH_CLASS DECLARE_INHERITED_CLASS ADD_TRAIT BIND_TRAITS ADD_INTERFACE VERIFY_ABSTRACT_CLASS RETURN E O E RECV_INIT JMPZ INIT_METHOD_CALL SEND_VAR_EX DO_FCALL RETURN E O E FETCH_OBJ_R IS_IDENTICAL JMPZ NEW SEND_VAL_EX DO_FCALL THROW FETCH_OBJ_R VERIFY_RETURN_TYPE RETURN VERIFY_RETURN_TYPE RETURN E O E RECV ASSIGN_OBJ OP_DATA INIT_METHOD_CALL INIT_METHOD_CALL DO_FCALL SEND_VAR_NO_REF_EX DO_FCALL FETCH_THIS RETURN RETURN E O E RECV INIT_STATIC_METHOD_CALL SEND_VAR_EX SEND_VAL_EX SEND_VAL_EX DO_FCALL VERIFY_RETURN_TYPE RETURN VERIFY_RETURN_TYPE RETURN E O E RECV RECV NEW CONCAT INIT_ARRAY ADD_ARRAY_ELEMENT SEND_VAL_EX DO_FCALL THROW RETURN E O E RECV RECV RECV FETCH_CLASS NEW FETCH_THIS SEND_VAR_EX SEND_VAR_EX DO_FCALL ASSIGN FETCH_DIM_IS COALESCE QM_ASSIGN ASSIGN JMPZ INIT_METHOD_CALL DO_FCALL INIT_METHOD_CALL SEND_VAR_EX DO_FCALL VERIFY_RETURN_TYPE RETURN VERIFY_RETURN_TYPE RETURN
F1030.php, E O E FETCH_CLASS DECLARE_INHERITED_CLASS RETURN
F1031.php, E O E FETCH_CLASS DECLARE_INHERITED_CLASS RETURN
F1032.php, E O E FETCH_CLASS DECLARE_INHERITED_CLASS RETURN E O E RETURN VERIFY_RETURN_TYPE RETURN
F1033.php, E O E NOP RETURN E O E RECV ASSIGN_OBJ OP_DATA RETURN E O E FETCH_OBJ_R RETURN RETURN
F1034.php, E O E FETCH_CLASS DECLARE_INHERITED_CLASS RETURN E O E FETCH_OBJ_R INIT_METHOD_CALL DO_FCALL ASSIGN INIT_METHOD_CALL SEND_VAL_EX DO_FCALL VERIFY_RETURN_TYPE RETURN VERIFY_RETURN_TYPE RETURN
F1035.php, E O E DECLARE_CLASS ADD_INTERFACE VERIFY_ABSTRACT_CLASS RETURN E O E RECV RECV RETURN RETURN E O E RETURN E O E RECV RETURN E O E RECV RECV RETURN E O E RECV RETURN E O E RECV RETURN
F1036.php, E O E FETCH_CLASS DECLARE_INHERITED_CLASS RETURN
F1037.php, E O E NOP RETURN
F1038.php, E O E NOP RETURN
F1039.php, E O E NOP RETURN
F104.php, E O E DECLARE_CLASS ADD_TRAIT ADD_TRAIT ADD_TRAIT ADD_TRAIT ADD_TRAIT BIND_TRAITS ADD_INTERFACE ADD_INTERFACE VERIFY_ABSTRACT_CLASS RETURN E O E RECV_INIT RECV_INIT RECV_INIT RECV_INIT RECV_INIT IS_NOT_IDENTICAL JMPZ ASSIGN_OBJ OP_DATA FETCH_OBJ_R IS_IDENTICAL JMPZ_EX BOOL JMPZ_EX INIT_METHOD_CALL SEND_VAL_EX DO_FCALL BOOL JMPZ INIT_METHOD_CALL SEND_VAL_EX DO_FCALL ASSIGN_OBJ OP_DATA FETCH_OBJ_R IS_IDENTICAL JMPZ INIT_NS_FCALL_BY_NAME FETCH_CLASS_NAME SEND_VAL_EX DO_FCALL FETCH_LIST ASSIGN FREE INIT_NS_FCALL_BY_NAME SEND_VAR_EX SEND_VAL_EX SEND_VAL_EX DO_FCALL ASSIGN_OBJ OP_DATA INIT_METHOD_CALL JMP_SET NEW DO_FCALL QM_ASSIGN SEND_VAL_EX DO_FCALL JMP_SET NEW DO_FCALL QM_ASSIGN ASSIGN_OBJ OP_DATA IS_NOT_IDENTICAL JMPZ INIT_METHOD_CALL SEND_VAR_EX DO_FCALL INIT_METHOD_CALL SEND_VAL_EX INIT_METHOD_CALL DO_FCALL INIT_ARRAY ADD_ARRAY_ELEMENT SEND_VAL_EX DO_FCALL FETCH_OBJ_R INIT_METHOD_CALL SEND_VAL_EX DO_FCALL ASSIGN JMPZ CONCAT QM_ASSIGN JMP QM_ASSIGN FETCH_OBJ_R CONCAT ASSIGN INIT_METHOD_CALL SEND_VAR_EX DO_FCALL IS_NOT_IDENTICAL JMPZ INIT_METHOD_CALL SEND_VAR_EX DO_FCALL INIT_METHOD_CALL DO_FCALL ISSET_ISEMPTY_PROP_OBJ JMPZ INIT_NS_FCALL_BY_NAME SEND_VAL_EX DO_FCALL ISSET_ISEMPTY_PROP_OBJ JMPZ INIT_NS_FCALL_BY_NAME SEND_VAL_EX DO_FCALL INIT_METHOD_CALL DO_FCALL INIT_METHOD_CALL FETCH_THIS SEND_VAR_EX DO_FCALL RETURN E O E RETURN E O E RECV_INIT IS_IDENTICAL JMPZ_EX FETCH_OBJ_R IS_IDENTICAL BOOL JMPZ NEW FETCH_THIS SEND_VAR_EX DO_FCALL ASSIGN_OBJ OP_DATA IS_NOT_IDENTICAL JMPZ INIT_METHOD_CALL FETCH_THIS SEND_VAR_EX DO_FCALL ASSIGN_OBJ OP_DATA FETCH_OBJ_R VERIFY_RETURN_TYPE RETURN VERIFY_RETURN_TYPE RETURN E O E RECV RECV_INIT INIT_NS_FCALL_BY_NAME SEND_VAR_EX DO_FCALL FETCH_LIST ASSIGN FREE INIT_METHOD_CALL DO_FCALL INIT_METHOD_CALL SEND_VAR_EX SEND_VAR_EX DO_FCALL ASSIGN_OBJ OP_DATA VERIFY_RETURN_TYPE RETURN VERIFY_RETURN_TYPE RETURN E O E RECV ISSET_ISEMPTY_PROP_OBJ BOOL_NOT JMPZ INIT_NS_FCALL_BY_NAME FETCH_OBJ_FUNC_ARG SEND_VAR_EX SEND_VAL_EX DO_FCALL FETCH_LIST ASSIGN FETCH_LIST ASSIGN FREE IS_IDENTICAL JMPZ INIT_METHOD_CALL CAST CONCAT SEND_VAL_EX DO_FCALL RETURN INIT_NS_FCALL_BY_NAME DO_FCALL ASSIGN INIT_NS_FCALL_BY_NAME SEND_VAL_EX FETCH_CLASS_NAME SEND_VAL_EX DO_FCALL ASSIGN INIT_NS_FCALL_BY_NAME INIT_NS_FCALL_BY_NAME SEND_VAL_EX INIT_NS_FCALL_BY_NAME SEND_VAR_EX DO_FCALL SEND_VAR_NO_REF_EX SEND_VAR_EX FETCH_DIM_FUNC_ARG FETCH_DIM_FUNC_ARG SEND_VAR_EX FETCH_DIM_FUNC_ARG FETCH_DIM_FUNC_ARG SEND_VAR_EX DO_FCALL SEND_VAR_NO_REF_EX FETCH_CONSTANT SEND_VAL_EX DO_FCALL RETURN RETURN E O E RECV RECV IS_IDENTICAL JMPZ INIT_NS_FCALL_BY_NAME SEND_VAL_EX DO_FCALL RETURN IS_IDENTICAL JMPZ INIT_NS_FCALL_BY_NAME SEND_VAL_EX DO_FCALL RETURN ASSIGN_OBJ OP_DATA RETURN E O E FETCH_OBJ_R VERIFY_RETURN_TYPE RETURN VERIFY_RETURN_TYPE RETURN E O E RECV ASSIGN_OBJ OP_DATA FETCH_THIS RETURN RETURN E O E FETCH_OBJ_R VERIFY_RETURN_TYPE RETURN VERIFY_RETURN_TYPE RETURN E O E RECV ASSIGN_OBJ OP_DATA FETCH_THIS RETURN RETURN E O E FETCH_OBJ_R VERIFY_RETURN_TYPE RETURN VERIFY_RETURN_TYPE RETURN E O E ASSIGN_OBJ OP_DATA FETCH_THIS RETURN RETURN E O E ASSIGN_OBJ OP_DATA FETCH_THIS RETURN RETURN E O E FETCH_OBJ_R VERIFY_RETURN_TYPE RETURN VERIFY_RETURN_TYPE RETURN E O E RECV ASSIGN_OBJ OP_DATA INIT_METHOD_CALL SEND_VAL_EX DO_FCALL JMP_SET QM_ASSIGN ASSIGN_OBJ OP_DATA FETCH_THIS RETURN RETURN E O E FETCH_OBJ_R VERIFY_RETURN_TYPE RETURN VERIFY_RETURN_TYPE RETURN E O E RECV ASSIGN_OBJ OP_DATA FETCH_THIS RETURN RETURN E O E FETCH_OBJ_R ASSIGN INIT_METHOD_CALL SEND_VAL_EX DO_FCALL ASSIGN INIT_METHOD_CALL SEND_VAR_EX DO_FCALL BOOL_NOT JMPZ NEW FETCH_OBJ_R CONCAT INIT_ARRAY INIT_METHOD_CALL SEND_VAL_EX DO_FCALL ADD_ARRAY_ELEMENT INIT_METHOD_CALL SEND_VAL_EX DO_FCALL JMP_SET QM_ASSIGN ADD_ARRAY_ELEMENT INIT_METHOD_CALL SEND_VAL_EX DO_FCALL ADD_ARRAY_ELEMENT SEND_VAL_EX DO_FCALL THROW INIT_STATIC_METHOD_CALL FETCH_THIS INIT_ARRAY ADD_ARRAY_ELEMENT SEND_VAL DO_FCALL VERIFY_RETURN_TYPE RETURN VERIFY_RETURN_TYPE RETURN E O E RECV RECV INIT_DYNAMIC_CALL SEND_UNPACK DO_FCALL ASSIGN IS_NOT_IDENTICAL JMPZ_EX INSTANCEOF BOOL_NOT BOOL JMPZ NEW INIT_NS_FCALL_BY_NAME SEND_VAL_EX INIT_NS_FCALL_BY_NAME SEND_VAR_EX DO_FCALL SEND_VAR_NO_REF_EX DO_FCALL SEND_VAR_NO_REF_EX DO_FCALL THROW IS_IDENTICAL JMPZ_EX INIT_METHOD_CALL DO_FCALL BOOL JMPZ INIT_METHOD_CALL DO_FCALL ASSIGN JMPZ ASSIGN_OBJ OP_DATA RETURN E O E RETURN VERIFY_RETURN_TYPE RETURN E O E INIT_METHOD_CALL SEND_VAL_EX DO_FCALL ASSIGN INIT_METHOD_CALL DO_FCALL INSTANCEOF JMPZ INIT_METHOD_CALL DO_FCALL VERIFY_RETURN_TYPE RETURN INIT_METHOD_CALL SEND_VAL_EX DO_FCALL ASSIGN INIT_METHOD_CALL DO_FCALL INSTANCEOF JMPZ INIT_METHOD_CALL DO_FCALL VERIFY_RETURN_TYPE RETURN RETURN VERIFY_RETURN_TYPE RETURN E O E INIT_METHOD_CALL SEND_VAL_EX DO_FCALL ASSIGN INIT_METHOD_CALL DO_FCALL INSTANCEOF JMPZ INIT_METHOD_CALL DO_FCALL VERIFY_RETURN_TYPE RETURN RETURN VERIFY_RETURN_TYPE RETURN E O E RECV RECV_INIT ASSIGN_OBJ OP_DATA JMPZ FETCH_OBJ_R INIT_METHOD_CALL SEND_VAR_EX DO_FCALL ASSIGN_OBJ OP_DATA INIT_METHOD_CALL SEND_VAL_EX INIT_ARRAY FETCH_OBJ_R ADD_ARRAY_ELEMENT SEND_VAL_EX DO_FCALL ASSIGN INIT_METHOD_CALL DO_FCALL INSTANCEOF JMPZ INIT_METHOD_CALL DO_FCALL ASSIGN_OBJ OP_DATA VERIFY_RETURN_TYPE RETURN INIT_METHOD_CALL DO_FCALL JMPZ RETURN FETCH_OBJ_R ASSIGN INIT_METHOD_CALL SEND_VAL_EX DO_FCALL BOOL_NOT JMPZ INIT_METHOD_CALL INIT_STATIC_METHOD_CALL SEND_VAR_EX SEND_VAL_EX DO_FCALL SEND_VAR_NO_REF_EX DO_FCALL ASSIGN ASSIGN_OBJ OP_DATA VERIFY_RETURN_TYPE RETURN VERIFY_RETURN_TYPE RETURN E O E RECV RECV_VARIADIC INIT_METHOD_CALL FETCH_OBJ_R INIT_METHOD_CALL SEND_VAL_EX SEND_VAR_EX DO_FCALL SEND_VAR_NO_REF_EX DO_FCALL INIT_METHOD_CALL SEND_UNPACK DO_FCALL RETURN RETURN E O E RECV_INIT RECV_INIT INIT_METHOD_CALL DO_FCALL ASSIGN INIT_METHOD_CALL DO_FCALL BOOL_NOT JMPZ INIT_METHOD_CALL INIT_METHOD_CALL DO_FCALL SEND_VAR_NO_REF_EX DO_FCALL ASSIGN_OBJ OP_DATA IS_NOT_IDENTICAL JMPZ INIT_METHOD_CALL SEND_VAR_EX DO_FCALL IS_NOT_IDENTICAL JMPZ INIT_METHOD_CALL SEND_VAR_EX DO_FCALL INIT_METHOD_CALL SEND_VAL_EX DO_FCALL ASSIGN INIT_METHOD_CALL DO_FCALL INSTANCEOF JMPZ INIT_METHOD_CALL DO_FCALL VERIFY_RETURN_TYPE RETURN INIT_METHOD_CALL DO_FCALL JMPZ FETCH_OBJ_R VERIFY_RETURN_TYPE RETURN INIT_METHOD_CALL DO_FCALL IS_IDENTICAL JMPZ INIT_METHOD_CALL FETCH_OBJ_R INIT_METHOD_CALL SEND_VAL_EX DO_FCALL SEND_VAR_NO_REF_EX DO_FCALL INIT_METHOD_CALL DO_FCALL ASSIGN INIT_METHOD_CALL DO_FCALL ASSIGN INIT_METHOD_CALL INIT_METHOD_CALL DO_FCALL INIT_METHOD_CALL SEND_VAR_EX DO_FCALL SEND_VAR_NO_REF_EX DO_FCALL FETCH_OBJ_R VERIFY_RETURN_TYPE RETURN VERIFY_RETURN_TYPE RETURN E O E FETCH_OBJ_R ASSIGN FETCH_OBJ_R INIT_METHOD_CALL SEND_VAL_EX DO_FCALL JMPZ INIT_NS_FCALL_BY_NAME SEND_VAL_EX INIT_NS_FCALL_BY_NAME SEND_VAL_EX FETCH_OBJ_R INIT_METHOD_CALL SEND_VAL_EX DO_FCALL SEND_VAR_NO_REF_EX DO_FCALL SEND_VAR_NO_REF_EX DO_FCALL ASSIGN INIT_NS_FCALL_BY_NAME FETCH_CONSTANT SEND_VAL_EX SEND_VAR_EX DO_FCALL FETCH_CONSTANT CONCAT CONCAT ASSIGN VERIFY_RETURN_TYPE RETURN VERIFY_RETURN_TYPE RETURN E O E RECV_INIT RECV_INIT FETCH_OBJ_R INIT_METHOD_CALL SEND_VAR_EX DO_FCALL ASSIGN IS_IDENTICAL JMPZ INIT_STATIC_METHOD_CALL SEND_VAR_EX BOOL_NOT SEND_VAL_EX DO_FCALL ASSIGN FETCH_OBJ_R INIT_METHOD_CALL SEND_VAL_EX DO_FCALL ASSIGN JMPZ_EX BOOL JMPZ_EX INIT_NS_FCALL_BY_NAME SEND_VAR_EX SEND_VAR_EX DO_FCALL IS_IDENTICAL BOOL JMPZ INIT_NS_FCALL_BY_NAME SEND_VAR_EX INIT_NS_FCALL_BY_NAME SEND_VAR_EX DO_FCALL SEND_VAR_NO_REF_EX DO_FCALL ASSIGN FETCH_DIM_R IS_NOT_IDENTICAL JMPZ CONCAT ASSIGN VERIFY_RETURN_TYPE RETURN VERIFY_RETURN_TYPE RETURN VERIFY_RETURN_TYPE RETURN VERIFY_RETURN_TYPE RETURN E O E RECV_INIT RECV_INIT INIT_NS_FCALL_BY_NAME SEND_VAR_EX DO_FCALL JMPZ ASSIGN INIT_NS_FCALL_BY_NAME SEND_VAR_EX DO_FCALL JMPNZ_EX IS_IDENTICAL BOOL JMPZ INIT_ARRAY FETCH_OBJ_R ADD_ARRAY_ELEMENT ASSIGN FE_RESET_R FE_FETCH_R ISSET_ISEMPTY_CV JMPZ JMP INIT_METHOD_CALL SEND_VAR_EX DO_FCALL ASSIGN JMP JMP FE_FREE INIT_METHOD_CALL SEND_VAL_EX DO_FCALL ISSET_ISEMPTY_CV JMPZ NEW SEND_VAL_EX DO_FCALL THROW FETCH_OBJ_R ASSIGN_ADD FETCH_OBJ_R INIT_METHOD_CALL SEND_VAR_EX SEND_VAR_EX DO_FCALL RETURN RETURN E O E RECV NEW SEND_VAL_EX DO_FCALL ASSIGN INIT_METHOD_CALL SEND_VAR_EX DO_FCALL JMPZ RETURN NEW FETCH_THIS SEND_VAR_EX SEND_VAR_EX DO_FCALL ASSIGN JMP E CATCH RETURN INIT_METHOD_CALL DO_FCALL JMPZ_EX INIT_METHOD_CALL DO_FCALL IS_IDENTICAL BOOL VERIFY_RETURN_TYPE RETURN VERIFY_RETURN_TYPE RETURN E O E RECV RETURN E O E RECV RETURN E O E RECV RECV RECV RETURN E O E RECV RETURN
F1040.php, E O E FETCH_CLASS DECLARE_INHERITED_CLASS RETURN E O E RECV RECV RECV_INIT RETURN
F1041.php, E O E FETCH_CLASS DECLARE_INHERITED_CLASS RETURN E O E RETURN
F1042.php, E O E FETCH_CLASS DECLARE_INHERITED_CLASS RETURN
F1043.php, E O E FETCH_CLASS DECLARE_INHERITED_CLASS RETURN
F1044.php, E O E FETCH_CLASS DECLARE_INHERITED_CLASS RETURN
F1045.php, E O E FETCH_CLASS DECLARE_INHERITED_CLASS RETURN
F1046.php, E O E FETCH_CLASS DECLARE_INHERITED_CLASS RETURN E O E RECV INIT_METHOD_CALL SEND_VAL_EX DO_FCALL RETURN
F1047.php, E O E FETCH_CLASS DECLARE_INHERITED_CLASS RETURN
F1048.php, E O E FETCH_CLASS DECLARE_INHERITED_CLASS RETURN E O E INIT_METHOD_CALL SEND_VAL_EX DO_FCALL RETURN
F1049.php, E O E FETCH_CLASS DECLARE_INHERITED_CLASS RETURN E O E INIT_METHOD_CALL SEND_VAL_EX DO_FCALL RETURN E O E INIT_METHOD_CALL SEND_VAL_EX DO_FCALL RETURN
F105.php, E O E DECLARE_CLASS ADD_INTERFACE VERIFY_ABSTRACT_CLASS RETURN E O E RECV INIT_STATIC_METHOD_CALL SEND_VAR_EX DO_FCALL RETURN RETURN E O E RECV INIT_METHOD_CALL SEND_VAR_EX DO_FCALL ASSIGN IS_IDENTICAL JMPZ INIT_METHOD_CALL SEND_VAR_EX DO_FCALL NEW SEND_VAR_EX DO_FCALL ASSIGN INIT_METHOD_CALL DO_FCALL JMPZ INIT_METHOD_CALL SEND_VAR_EX DO_FCALL INIT_METHOD_CALL SEND_VAR_EX DO_FCALL ASSIGN VERIFY_RETURN_TYPE RETURN VERIFY_RETURN_TYPE RETURN E O E RECV INIT_METHOD_CALL DO_FCALL ASSIGN INSTANCEOF JMPZ VERIFY_RETURN_TYPE RETURN INIT_METHOD_CALL DO_FCALL ASSIGN INIT_NS_FCALL_BY_NAME INIT_METHOD_CALL DO_FCALL INIT_METHOD_CALL SEND_VAL_EX DO_FCALL SEND_VAR_NO_REF_EX DO_FCALL ASSIGN INIT_METHOD_CALL SEND_VAR_EX SEND_VAR_EX DO_FCALL INIT_METHOD_CALL DO_FCALL ASSIGN INSTANCEOF JMPZ VERIFY_RETURN_TYPE RETURN INIT_METHOD_CALL DO_FCALL VERIFY_RETURN_TYPE RETURN VERIFY_RETURN_TYPE RETURN E O E RECV ASSIGN ASSIGN INIT_METHOD_CALL SEND_VAL_EX SEND_VAL_EX DO_FCALL ASSIGN INIT_METHOD_CALL SEND_VAL_EX DO_FCALL JMPZ INIT_METHOD_CALL SEND_VAL_EX DO_FCALL CONCAT ASSIGN INIT_METHOD_CALL SEND_VAL_EX DO_FCALL JMPZ INIT_METHOD_CALL SEND_VAL_EX DO_FCALL ASSIGN INIT_NS_FCALL_BY_NAME SEND_VAR_EX SEND_VAL_EX SEND_VAL_EX DO_FCALL ASSIGN INIT_NS_FCALL_BY_NAME SEND_VAR_EX DO_FCALL IS_NOT_IDENTICAL JMPZ INIT_NS_FCALL_BY_NAME ROPE_INIT ROPE_ADD ROPE_END CONCAT CONCAT SEND_VAL_EX DO_FCALL INIT_NS_FCALL_BY_NAME SEND_VAR_EX SEND_VAL_EX DO_FCALL IS_IDENTICAL JMPZ INIT_STATIC_METHOD_CALL SEND_VAR_EX DO_FCALL CONCAT ASSIGN_CONCAT JMP INIT_NS_FCALL_BY_NAME DECLARE_LAMBDA_FUNCTION SEND_VAL_EX INIT_NS_FCALL_BY_NAME SEND_VAL_EX SEND_VAR_EX DO_FCALL SEND_VAR_NO_REF_EX DO_FCALL ASSIGN INIT_NS_FCALL_BY_NAME SEND_VAL_EX SEND_VAR_EX DO_FCALL CONCAT ASSIGN_CONCAT JMP CONCAT ASSIGN_CONCAT INIT_NS_FCALL_BY_NAME SEND_VAR_EX SEND_VAL_EX SEND_VAL_EX DO_FCALL ASSIGN INIT_NS_FCALL_BY_NAME SEND_VAR_EX SEND_VAL_EX DO_FCALL IS_NOT_IDENTICAL JMPNZ_EX INIT_NS_FCALL_BY_NAME SEND_VAR_EX SEND_VAL_EX DO_FCALL IS_NOT_IDENTICAL BOOL JMPNZ_EX INIT_NS_FCALL_BY_NAME SEND_VAR_EX SEND_VAL_EX DO_FCALL IS_NOT_IDENTICAL BOOL JMPNZ_EX INIT_NS_FCALL_BY_NAME SEND_VAR_EX DO_FCALL IS_IDENTICAL BOOL JMPZ INIT_METHOD_CALL SEND_VAR_EX DO_FCALL INIT_STATIC_METHOD_CALL CONCAT SEND_VAL_EX SEND_VAR_EX SEND_VAL_EX DO_FCALL VERIFY_RETURN_TYPE RETURN VERIFY_RETURN_TYPE RETURN E O E RECV NEW INIT_METHOD_CALL SEND_VAL_EX DO_FCALL INIT_ARRAY INIT_METHOD_CALL SEND_VAL_EX DO_FCALL ADD_ARRAY_ELEMENT INIT_METHOD_CALL SEND_VAL_EX DO_FCALL ADD_ARRAY_ELEMENT INIT_METHOD_CALL SEND_VAL_EX DO_FCALL ADD_ARRAY_ELEMENT SEND_VAL_EX DO_FCALL THROW RETURN
F1050.php, E O E FETCH_CLASS DECLARE_INHERITED_CLASS RETURN E O E RECV FETCH_OBJ_R INIT_METHOD_CALL SEND_VAL_EX DO_FCALL RETURN
F1051.php, E O E FETCH_CLASS DECLARE_INHERITED_CLASS RETURN
F1052.php, E O E NOP RETURN
F1053.php, E O E ECHO RETURN
F1054.php, E O E FETCH_CLASS DECLARE_INHERITED_CLASS RETURN E O E RETURN E O E RECV INIT_METHOD_CALL SEND_VAL_EX SEND_VAR_EX DO_FCALL RETURN
F1055.php, E O E FETCH_CLASS DECLARE_INHERITED_CLASS RETURN E O E RETURN
F1056.php, E O E FETCH_CLASS DECLARE_INHERITED_CLASS RETURN
F1057.php, E O E FETCH_CLASS DECLARE_INHERITED_CLASS RETURN
F1058.php, E O E FETCH_CLASS DECLARE_INHERITED_CLASS RETURN
F1059.php, E O E ECHO RETURN
F106.php, E O E FETCH_CLASS DECLARE_INHERITED_CLASS RETURN E O E INIT_METHOD_CALL SEND_VAL_EX DO_FCALL RETURN E O E RECV INIT_METHOD_CALL DO_FCALL ASSIGN ASSIGN FETCH_OBJ_R INIT_METHOD_CALL SEND_VAL_EX DO_FCALL JMPZ_EX INIT_NS_FCALL_BY_NAME INIT_METHOD_CALL DO_FCALL SEND_VAR_NO_REF_EX SEND_VAL_EX SEND_VAL_EX DO_FCALL BOOL JMPZ INIT_NS_FCALL_BY_NAME FETCH_CONSTANT SEND_VAL_EX INIT_METHOD_CALL DO_FCALL CAST SEND_VAL_EX SEND_VAL_EX DO_FCALL ASSIGN INIT_NS_FCALL_BY_NAME FETCH_CONSTANT SEND_VAL_EX SEND_VAR_EX DO_FCALL FETCH_CONSTANT CONCAT CONCAT ASSIGN INIT_METHOD_CALL SEND_VAR_EX DO_FCALL RETURN
F1060.php, E O E ECHO RETURN
F1061.php, E O E ECHO RETURN
F1062.php, E O E ECHO RETURN
F1063.php, E O E ECHO RETURN
F1064.php, E O E ECHO RETURN
F1065.php, E O E ECHO RETURN
F1066.php, E O E ECHO RETURN
F1067.php, E O E INIT_FCALL_BY_NAME SEND_VAL_EX DO_FCALL ECHO RETURN
F1068.php, E O E ECHO RETURN
F1069.php, E O E ECHO RETURN
F107.php, E O E FETCH_CLASS DECLARE_INHERITED_CLASS ADD_TRAIT BIND_TRAITS ADD_INTERFACE VERIFY_ABSTRACT_CLASS RETURN E O E RECV FETCH_OBJ_R INIT_METHOD_CALL DO_FCALL ASSIGN INIT_METHOD_CALL INIT_METHOD_CALL DO_FCALL SEND_VAR_NO_REF_EX DO_FCALL RETURN E O E RECV INIT_METHOD_CALL SEND_VAR_EX DO_FCALL VERIFY_RETURN_TYPE RETURN VERIFY_RETURN_TYPE RETURN E O E RECV FETCH_OBJ_R FETCH_DIM_R INIT_METHOD_CALL DO_FCALL IS_NOT_IDENTICAL JMPZ RETURN INIT_METHOD_CALL DO_FCALL ASSIGN INIT_METHOD_CALL DO_FCALL INIT_METHOD_CALL SEND_VAL_EX DO_FCALL ASSIGN INIT_METHOD_CALL SEND_VAR_EX DO_FCALL BOOL_NOT JMPZ RETURN INIT_METHOD_CALL DO_FCALL INIT_METHOD_CALL SEND_VAR_EX DO_FCALL JMPZ RETURN INIT_METHOD_CALL SEND_VAR_EX DO_FCALL ASSIGN INIT_METHOD_CALL DO_FCALL BOOL_NOT JMPZ JMPZ RETURN INIT_METHOD_CALL SEND_VAR_EX DO_FCALL ASSIGN INSTANCEOF JMPZ INIT_METHOD_CALL DO_FCALL VERIFY_RETURN_TYPE RETURN JMPNZ_EX FETCH_OBJ_IS ISSET_ISEMPTY_DIM_OBJ BOOL JMPNZ_EX INIT_METHOD_CALL INIT_METHOD_CALL DO_FCALL SEND_VAR_NO_REF_EX DO_FCALL BOOL JMPZ RETURN INIT_METHOD_CALL DO_FCALL INIT_METHOD_CALL SEND_VAR_EX DO_FCALL VERIFY_RETURN_TYPE RETURN VERIFY_RETURN_TYPE RETURN E O E RETURN VERIFY_RETURN_TYPE RETURN E O E RECV INIT_NS_FCALL_BY_NAME INIT_METHOD_CALL DO_FCALL INIT_METHOD_CALL SEND_VAL_EX DO_FCALL SEND_VAR_NO_REF_EX DO_FCALL ASSIGN INIT_NS_FCALL_BY_NAME SEND_VAR_EX INIT_NS_FCALL_BY_NAME SEND_VAL_EX FETCH_OBJ_FUNC_ARG SEND_VAR_EX DO_FCALL SEND_VAR_NO_REF_EX SEND_VAL_EX DO_FCALL VERIFY_RETURN_TYPE RETURN VERIFY_RETURN_TYPE RETURN E O E RECV ISSET_ISEMPTY_PROP_OBJ JMPZ INIT_METHOD_CALL DO_FCALL INIT_METHOD_CALL DO_FCALL ASSIGN INIT_NS_FCALL_BY_NAME FETCH_OBJ_FUNC_ARG SEND_VAR_EX DO_FCALL ASSIGN IS_IDENTICAL JMPZ NEW SEND_VAL_EX DO_FCALL THROW INIT_METHOD_CALL INIT_METHOD_CALL DO_FCALL SEND_VAR_NO_REF_EX SEND_VAR_EX DO_FCALL ASSIGN IS_NOT_IDENTICAL JMPZ INSTANCEOF JMPZ QM_ASSIGN JMP QM_ASSIGN VERIFY_RETURN_TYPE RETURN INIT_METHOD_CALL DO_FCALL INIT_METHOD_CALL SEND_VAL_EX DO_FCALL BOOL_NOT JMPZ INIT_METHOD_CALL FETCH_OBJ_FUNC_ARG FETCH_DIM_FUNC_ARG SEND_VAR_EX DO_FCALL INIT_METHOD_CALL INIT_METHOD_CALL DO_FCALL SEND_VAR_NO_REF_EX DO_FCALL VERIFY_RETURN_TYPE RETURN INIT_METHOD_CALL SEND_VAL_EX DO_FCALL VERIFY_RETURN_TYPE RETURN VERIFY_RETURN_TYPE RETURN E O E INIT_METHOD_CALL DO_FCALL ASSIGN FETCH_OBJ_R FETCH_DIM_R ASSIGN IS_IDENTICAL JMPZ RETURN INIT_NS_FCALL_BY_NAME SEND_VAR_EX DO_FCALL JMPZ FETCH_CLASS_CONSTANT FETCH_DIM_W ASSIGN_DIM OP_DATA JMP INIT_NS_FCALL_BY_NAME SEND_VAR_EX SEND_VAL_EX DO_FCALL IS_IDENTICAL JMPZ QM_ASSIGN JMP QM_ASSIGN ASSIGN FETCH_CLASS_CONSTANT CONCAT CONCAT INIT_NS_FCALL_BY_NAME SEND_VAR_EX DO_FCALL CONCAT ASSIGN_CONCAT RETURN RETURN E O E RECV INIT_METHOD_CALL DO_FCALL INIT_METHOD_CALL DO_FCALL ASSIGN INIT_STATIC_METHOD_CALL INIT_METHOD_CALL DO_FCALL SEND_VAR_NO_REF_EX DO_FCALL ASSIGN INIT_STATIC_METHOD_CALL FETCH_OBJ_FUNC_ARG FETCH_DIM_FUNC_ARG SEND_VAR_EX DO_FCALL ASSIGN IS_IDENTICAL VERIFY_RETURN_TYPE RETURN VERIFY_RETURN_TYPE RETURN E O E RECV FETCH_OBJ_R FETCH_DIM_R IS_IDENTICAL JMPZ NEW FETCH_OBJ_FUNC_ARG FETCH_DIM_FUNC_ARG SEND_VAR_EX DO_FCALL THROW INIT_METHOD_CALL FETCH_OBJ_FUNC_ARG FETCH_DIM_FUNC_ARG SEND_VAR_EX DO_FCALL FETCH_OBJ_R FETCH_DIM_R IS_IDENTICAL JMPZ ASSIGN FETCH_OBJ_IS ISSET_ISEMPTY_DIM_OBJ BOOL_NOT JMPZ FETCH_OBJ_R FETCH_DIM_R ASSIGN INIT_NS_FCALL_BY_NAME SEND_VAR_EX DO_FCALL JMPZ ASSIGN_DIM OP_DATA INIT_METHOD_CALL SEND_VAR_EX SEND_VAL_EX DO_FCALL ASSIGN JMP FETCH_OBJ_R FETCH_DIM_R ASSIGN INIT_METHOD_CALL SEND_VAR_EX DO_FCALL VERIFY_RETURN_TYPE RETURN VERIFY_RETURN_TYPE RETURN E O E INIT_ARRAY ADD_ARRAY_ELEMENT ADD_ARRAY_ELEMENT FETCH_OBJ_R FETCH_DIM_R ADD_ARRAY_ELEMENT INIT_NS_FCALL_BY_NAME SEND_VAL_EX SEND_VAL_EX DO_FCALL ADD_ARRAY_ELEMENT ASSIGN INIT_METHOD_CALL DO_FCALL ASSIGN FE_RESET_R FE_FETCH_R ASSIGN IS_NOT_IDENTICAL JMPZ UNSET_DIM JMP FE_FREE INIT_METHOD_CALL SEND_VAR_EX DO_FCALL RETURN E O E RECV_INIT RECV_INIT ISSET_ISEMPTY_CV JMPZ_EX INIT_METHOD_CALL DO_FCALL BOOL_NOT BOOL JMPZ RETURN ISSET_ISEMPTY_CV JMPZ INIT_METHOD_CALL DO_FCALL ASSIGN ISSET_ISEMPTY_CV JMPZ INIT_METHOD_CALL DO_FCALL INIT_METHOD_CALL DO_FCALL ASSIGN ISSET_ISEMPTY_PROP_OBJ JMPZ INIT_METHOD_CALL DO_FCALL FETCH_OBJ_R FE_RESET_R FE_FETCH_R INIT_METHOD_CALL SEND_VAR_EX SEND_VAR_EX DO_FCALL IS_IDENTICAL JMPZ ASSIGN_OBJ OP_DATA FE_FREE RETURN JMP FE_FREE RETURN VERIFY_RETURN_TYPE RETURN E O E FETCH_OBJ_IS ISSET_ISEMPTY_DIM_OBJ JMPZ RETURN ASSIGN_OBJ OP_DATA INIT_STATIC_METHOD_CALL FETCH_OBJ_R FETCH_DIM_R CAST SEND_VAL_EX DO_FCALL ASSIGN ASSIGN ISSET_ISEMPTY_DIM_OBJ JMPZ FETCH_DIM_R ASSIGN UNSET_DIM FE_RESET_R FE_FETCH_R ASSIGN ISSET_ISEMPTY_DIM_OBJ BOOL_NOT JMPZ FETCH_DIM_R ASSIGN UNSET_DIM JMP ASSIGN INIT_STATIC_METHOD_CALL SEND_VAR_EX SEND_VAL_EX SEND_VAL_EX DO_FCALL ASSIGN IS_IDENTICAL JMPZ NEW INIT_NS_FCALL_BY_NAME SEND_VAL_EX SEND_VAR_EX DO_FCALL SEND_VAR_NO_REF_EX DO_FCALL THROW INIT_NS_FCALL_BY_NAME SEND_VAR_EX SEND_VAL_EX DO_FCALL BOOL_NOT JMPZ NEW SEND_VAL_EX DO_FCALL THROW CAST ADD ASSIGN FETCH_CLASS NEW FETCH_OBJ_FUNC_ARG SEND_VAR_EX SEND_VAR_EX DO_FCALL FETCH_OBJ_W ASSIGN_DIM OP_DATA JMP FE_FREE FETCH_OBJ_R VERIFY_RETURN_TYPE RETURN VERIFY_RETURN_TYPE RETURN E O E RECV ISSET_ISEMPTY_PROP_OBJ JMPZ INIT_METHOD_CALL DO_FCALL FETCH_OBJ_IS FETCH_DIM_IS COALESCE QM_ASSIGN VERIFY_RETURN_TYPE RETURN VERIFY_RETURN_TYPE RETURN E O E RECV_INIT IS_IDENTICAL JMPZ FETCH_OBJ_R INIT_METHOD_CALL DO_FCALL ASSIGN INIT_NS_FCALL_BY_NAME SEND_VAR_EX DO_FCALL ASSIGN_OBJ OP_DATA RETURN INIT_NS_FCALL_BY_NAME FETCH_OBJ_FUNC_ARG SEND_VAR_EX CAST SEND_VAL_EX DO_FCALL ASSIGN_OBJ OP_DATA RETURN E O E RECV_INIT IS_IDENTICAL JMPZ ASSIGN_OBJ OP_DATA RETURN CAST FE_RESET_R FE_FETCH_R INIT_NS_FCALL_BY_NAME SEND_VAR_EX FETCH_OBJ_FUNC_ARG SEND_VAR_EX SEND_VAL_EX DO_FCALL ASSIGN INIT_NS_FCALL_BY_NAME SEND_VAR_EX DO_FCALL JMPZ FETCH_OBJ_UNSET UNSET_DIM JMP FE_FREE INIT_NS_FCALL_BY_NAME FETCH_OBJ_FUNC_ARG SEND_VAR_EX DO_FCALL ASSIGN_OBJ OP_DATA RETURN E O E RECV INIT_METHOD_CALL DO_FCALL INIT_METHOD_CALL SEND_VAR_EX DO_FCALL RETURN E O E INIT_METHOD_CALL DO_FCALL ISSET_ISEMPTY_PROP_OBJ JMPZ INIT_METHOD_CALL DO_FCALL INIT_METHOD_CALL DO_FCALL CAST ASSIGN INIT_METHOD_CALL SEND_VAL_EX INIT_ARRAY SEND_VAL_EX DO_FCALL INIT_METHOD_CALL DO_FCALL INIT_METHOD_CALL DO_FCALL INIT_STATIC_METHOD_CALL FETCH_OBJ_FUNC_ARG FETCH_DIM_FUNC_ARG SEND_VAR_EX DO_FCALL VERIFY_RETURN_TYPE RETURN VERIFY_RETURN_TYPE RETURN E O E RECV_INIT INIT_METHOD_CALL DO_FCALL INIT_METHOD_CALL DO_FCALL ASSIGN BOOL_NOT JMPZ RETURN IS_IDENTICAL JMPZ RETURN INIT_STATIC_METHOD_CALL SEND_VAR_EX SEND_VAR_EX DO_FCALL RETURN RETURN E O E INIT_METHOD_CALL DO_FCALL ASSIGN JMPZ RETURN ISSET_ISEMPTY_PROP_OBJ JMPZ INIT_METHOD_CALL DO_FCALL FETCH_OBJ_R FE_RESET_R FE_FETCH_R INIT_METHOD_CALL INIT_METHOD_CALL DO_FCALL INIT_METHOD_CALL DO_FCALL SEND_VAR_NO_REF_EX DO_FCALL ASSIGN ISSET_ISEMPTY_CV BOOL_NOT JMPZ_EX INIT_NS_FCALL_BY_NAME SEND_VAR_EX DO_FCALL BOOL JMPZ ASSIGN_OBJ OP_DATA INIT_METHOD_CALL SEND_VAL_EX INIT_ARRAY ADD_ARRAY_ELEMENT SEND_VAL_EX DO_FCALL ASSIGN INIT_METHOD_CALL DO_FCALL IS_NOT_IDENTICAL JMPZ INIT_METHOD_CALL DO_FCALL ASSIGN INIT_METHOD_CALL DO_FCALL INIT_METHOD_CALL SEND_VAR_EX DO_FCALL FE_FREE RETURN JMP FE_FREE RETURN VERIFY_RETURN_TYPE RETURN E O E RECV_INIT INIT_METHOD_CALL DO_FCALL INIT_METHOD_CALL DO_FCALL INIT_METHOD_CALL FETCH_CLASS_CONSTANT SEND_VAL_EX DO_FCALL ASSIGN JMPZ_EX INIT_NS_FCALL_BY_NAME SEND_VAR_EX SEND_VAL_EX SEND_VAL_EX DO_FCALL IS_NOT_IDENTICAL JMPNZ_EX INIT_NS_FCALL_BY_NAME SEND_VAR_EX SEND_VAL_EX SEND_VAL_EX DO_FCALL IS_IDENTICAL BOOL BOOL JMPZ ASSIGN IS_NOT_IDENTICAL JMPZ ASSIGN JMP JMPZ FETCH_OBJ_R FETCH_DIM_R JMPZ_EX INIT_STATIC_METHOD_CALL SEND_VAR_EX DO_FCALL INIT_STATIC_METHOD_CALL FETCH_OBJ_FUNC_ARG FETCH_DIM_FUNC_ARG SEND_VAR_EX DO_FCALL IS_IDENTICAL BOOL JMPZ FETCH_OBJ_R FETCH_DIM_R ASSIGN JMP FETCH_OBJ_R FETCH_DIM_R JMPZ FETCH_OBJ_R FETCH_DIM_R ASSIGN JMP ASSIGN INIT_NS_FCALL_BY_NAME SEND_VAR_EX DO_FCALL JMPZ INIT_STATIC_METHOD_CALL ADD SEND_VAL_EX DO_FCALL VERIFY_RETURN_TYPE RETURN VERIFY_RETURN_TYPE RETURN VERIFY_RETURN_TYPE RETURN E O E INIT_METHOD_CALL DO_FCALL ISSET_ISEMPTY_PROP_OBJ JMPZ INIT_METHOD_CALL DO_FCALL FETCH_OBJ_R FE_RESET_R FE_FETCH_R INIT_METHOD_CALL INIT_METHOD_CALL DO_FCALL INIT_METHOD_CALL DO_FCALL SEND_VAR_NO_REF_EX INIT_METHOD_CALL DO_FCALL INIT_METHOD_CALL DO_FCALL SEND_VAR_NO_REF_EX DO_FCALL ASSIGN ISSET_ISEMPTY_CV BOOL_NOT JMPZ ASSIGN_OBJ OP_DATA INIT_METHOD_CALL SEND_VAL_EX INIT_ARRAY ADD_ARRAY_ELEMENT SEND_VAL_EX DO_FCALL ASSIGN INIT_METHOD_CALL DO_FCALL IS_NOT_IDENTICAL JMPZ INIT_METHOD_CALL DO_FCALL FE_FREE RETURN FE_FREE RETURN JMP FE_FREE RETURN RETURN E O E FETCH_OBJ_IS ISSET_ISEMPTY_DIM_OBJ JMPZ RETURN ASSIGN_OBJ OP_DATA INIT_STATIC_METHOD_CALL FETCH_OBJ_R FETCH_DIM_R CAST SEND_VAL_EX DO_FCALL ASSIGN ASSIGN ISSET_ISEMPTY_DIM_OBJ JMPZ FETCH_DIM_R ASSIGN UNSET_DIM FE_RESET_R FE_FETCH_R ASSIGN ISSET_ISEMPTY_DIM_OBJ BOOL_NOT JMPZ FETCH_DIM_R ASSIGN UNSET_DIM JMP ASSIGN INIT_STATIC_METHOD_CALL SEND_VAR_EX SEND_VAL_EX SEND_VAL_EX DO_FCALL ASSIGN IS_IDENTICAL JMPZ NEW INIT_NS_FCALL_BY_NAME SEND_VAL_EX SEND_VAR_EX DO_FCALL SEND_VAR_NO_REF_EX DO_FCALL THROW INIT_NS_FCALL_BY_NAME SEND_VAR_EX SEND_VAL_EX DO_FCALL BOOL_NOT JMPZ NEW SEND_VAL_EX DO_FCALL THROW INIT_NS_FCALL_BY_NAME SEND_VAR_EX CAST SEND_VAL_EX DO_FCALL ASSIGN FETCH_CLASS NEW FETCH_OBJ_FUNC_ARG SEND_VAR_EX SEND_VAR_EX DO_FCALL FETCH_OBJ_W ASSIGN_DIM OP_DATA INIT_METHOD_CALL DO_FCALL INIT_METHOD_CALL FETCH_OBJ_FUNC_ARG FETCH_DIM_FUNC_ARG SEND_VAR_EX DO_FCALL JMP FE_FREE FETCH_OBJ_R VERIFY_RETURN_TYPE RETURN VERIFY_RETURN_TYPE RETURN E O E RECV_INIT IS_NOT_IDENTICAL JMPZ ASSIGN_OBJ OP_DATA RETURN FETCH_OBJ_R JMPZ FETCH_OBJ_R VERIFY_RETURN_TYPE RETURN FETCH_OBJ_R FETCH_DIM_R ASSIGN INIT_NS_FCALL_BY_NAME SEND_VAR_EX DO_FCALL JMPZ ASSIGN ASSIGN JMP FETCH_DIM_R ASSIGN UNSET_DIM INIT_STATIC_METHOD_CALL SEND_VAR_EX SEND_VAL_EX SEND_VAL_EX DO_FCALL ASSIGN IS_IDENTICAL JMPZ NEW INIT_NS_FCALL_BY_NAME SEND_VAL_EX SEND_VAR_EX DO_FCALL SEND_VAR_NO_REF_EX DO_FCALL THROW INIT_METHOD_CALL DO_FCALL INIT_METHOD_CALL DO_FCALL ASSIGN INIT_METHOD_CALL DO_FCALL INIT_METHOD_CALL DO_FCALL ASSIGN FETCH_CLASS NEW SEND_VAR_EX SEND_VAR_EX SEND_VAR_EX DO_FCALL ASSIGN ASSIGN_OBJ OP_DATA VERIFY_RETURN_TYPE RETURN VERIFY_RETURN_TYPE RETURN E O E RECV IS_IDENTICAL JMPZ INIT_METHOD_CALL DO_FCALL INIT_METHOD_CALL SEND_VAL_EX DO_FCALL RETURN INIT_STATIC_METHOD_CALL SEND_VAR_EX DO_FCALL RETURN RETURN E O E RECV RECV IS_IDENTICAL JMPZ ASSIGN_OBJ OP_DATA IS_IDENTICAL JMPZ INIT_METHOD_CALL SEND_VAL_EX SEND_VAL_EX DO_FCALL RETURN INIT_METHOD_CALL SEND_VAL_EX SEND_VAL_EX DO_FCALL INIT_METHOD_CALL DO_FCALL INIT_METHOD_CALL SEND_VAL_EX SEND_VAR_EX DO_FCALL RETURN ASSIGN_OBJ OP_DATA RETURN E O E RECV ISSET_ISEMPTY_PROP_OBJ JMPZ INIT_METHOD_CALL DO_FCALL FETCH_OBJ_IS FETCH_DIM_IS COALESCE QM_ASSIGN VERIFY_RETURN_TYPE RETURN VERIFY_RETURN_TYPE RETURN E O E RECV IS_IDENTICAL JMPZ RETURN FETCH_OBJ_R INIT_METHOD_CALL SEND_VAR_EX FETCH_OBJ_FUNC_ARG FETCH_DIM_FUNC_ARG SEND_VAR_EX DO_FCALL RETURN E O E FETCH_OBJ_R VERIFY_RETURN_TYPE RETURN VERIFY_RETURN_TYPE RETURN E O E FETCH_OBJ_R VERIFY_RETURN_TYPE RETURN VERIFY_RETURN_TYPE RETURN E O E INIT_METHOD_CALL DO_FCALL INIT_METHOD_CALL DO_FCALL INIT_METHOD_CALL DO_FCALL ASSIGN INIT_METHOD_CALL DO_FCALL INIT_METHOD_CALL DO_FCALL INIT_METHOD_CALL SEND_VAL_EX DO_FCALL BOOL_NOT JMPZ INIT_METHOD_CALL DO_FCALL INIT_METHOD_CALL DO_FCALL ASSIGN VERIFY_RETURN_TYPE RETURN VERIFY_RETURN_TYPE RETURN
F1070.php, E O E ECHO RETURN
F1071.php, E O E ECHO ECHO ECHO INIT_FCALL_BY_NAME SEND_VAL_EX SEND_VAL_EX DO_FCALL ECHO ECHO INIT_FCALL_BY_NAME SEND_VAL_EX SEND_VAL_EX DO_FCALL ECHO ECHO RETURN
F1072.php, E O E ECHO RETURN
F1073.php, E O E ECHO INIT_METHOD_CALL SEND_VAL_EX DO_FCALL ECHO ECHO RETURN
F1074.php, E O E ECHO RETURN
F1075.php, E O E FETCH_CLASS DECLARE_INHERITED_CLASS RETURN
F1076.php, E O E FETCH_CLASS DECLARE_INHERITED_CLASS RETURN
F1077.php, E O E INIT_STATIC_METHOD_CALL SEND_VAL_EX SEND_VAL_EX DO_FCALL RETURN
F1078.php, E O E INIT_STATIC_METHOD_CALL SEND_VAL_EX SEND_VAL_EX DO_FCALL RETURN
F1079.php, E O E FETCH_CLASS DECLARE_INHERITED_CLASS RETURN
F108.php, E O E FETCH_CLASS DECLARE_INHERITED_CLASS RETURN E O E RECV RECV_INIT INIT_METHOD_CALL DO_FCALL CAST ASSIGN_ADD INSTANCEOF JMPZ FETCH_DIM_IS ISSET_ISEMPTY_DIM_OBJ BOOL_NOT JMPZ INIT_METHOD_CALL DO_FCALL FETCH_DIM_W ASSIGN_DIM OP_DATA INIT_METHOD_CALL DO_FCALL ASSIGN ISSET_ISEMPTY_DIM_OBJ JMPZ_EX FETCH_DIM_IS ISSET_ISEMPTY_DIM_OBJ BOOL_NOT BOOL JMPZ FETCH_DIM_R FETCH_DIM_W ASSIGN_DIM OP_DATA INIT_NS_FCALL_BY_NAME FETCH_DIM_FUNC_ARG SEND_VAR_EX DO_FCALL FETCH_LIST ASSIGN FETCH_LIST ASSIGN FREE JMPZ CONCAT CONCAT ASSIGN_DIM OP_DATA JMP CONCAT ASSIGN_DIM OP_DATA ASSIGN FETCH_DIM_R BOOL_NOT JMPZ INIT_METHOD_CALL DO_FCALL INIT_METHOD_CALL FETCH_DIM_R CONCAT SEND_VAL_EX DO_FCALL CAST ASSIGN FETCH_DIM_R BOOL_NOT JMPZ FE_RESET_R FE_FETCH_R FETCH_DIM_R IS_IDENTICAL JMPZ FE_FREE RETURN JMP FE_FREE INIT_ARRAY FETCH_DIM_R ADD_ARRAY_ELEMENT FETCH_DIM_R ADD_ARRAY_ELEMENT FETCH_DIM_R ADD_ARRAY_ELEMENT ASSIGN_DIM OP_DATA INIT_METHOD_CALL DO_FCALL INIT_METHOD_CALL FETCH_DIM_R CONCAT SEND_VAL_EX SEND_VAR_EX DO_FCALL RETURN E O E RECV RECV INIT_STATIC_METHOD_CALL SEND_VAR_EX DO_FCALL ASSIGN INIT_NS_FCALL_BY_NAME SEND_VAR_EX DO_FCALL IS_SMALLER JMPZ NEW SEND_VAL_EX DO_FCALL THROW INIT_ARRAY ASSIGN ISSET_ISEMPTY_DIM_OBJ BOOL_NOT JMPZ FETCH_DIM_IS ISSET_ISEMPTY_DIM_OBJ BOOL_NOT JMPZ FETCH_DIM_R FETCH_DIM_R CONCAT CONCAT INIT_ARRAY ASSIGN FETCH_DIM_UNSET UNSET_DIM FETCH_DIM_R CAST ASSIGN_ADD INIT_METHOD_CALL FETCH_DIM_FUNC_ARG SEND_VAR_EX SEND_VAR_EX DO_FCALL RETURN E O E INIT_METHOD_CALL DO_FCALL INIT_METHOD_CALL DO_FCALL INIT_METHOD_CALL DO_FCALL VERIFY_RETURN_TYPE RETURN VERIFY_RETURN_TYPE RETURN
F1080.php, E O E FETCH_CLASS DECLARE_INHERITED_CLASS RETURN E O E INIT_METHOD_CALL SEND_VAL_EX DO_FCALL RETURN E O E INIT_METHOD_CALL SEND_VAL_EX DO_FCALL RETURN
F1081.php, E O E FETCH_CLASS DECLARE_INHERITED_CLASS RETURN E O E INIT_METHOD_CALL SEND_VAL_EX DO_FCALL RETURN
F1082.php, E O E FETCH_CLASS DECLARE_INHERITED_CLASS RETURN E O E INIT_METHOD_CALL SEND_VAL_EX DO_FCALL RETURN
F1083.php, E O E ECHO INIT_METHOD_CALL SEND_VAL_EX DO_FCALL ECHO ECHO RETURN
F1084.php, E O E ECHO RETURN
F1085.php, E O E ECHO RETURN
F1086.php, E O E ECHO RETURN
F1087.php, E O E ECHO FETCH_OBJ_R INIT_METHOD_CALL SEND_VAL_EX DO_FCALL ECHO RETURN
F1088.php, E O E ECHO INIT_METHOD_CALL SEND_VAL_EX DO_FCALL ECHO RETURN
F1089.php, E O E ECHO RETURN
F109.php, E O E FETCH_CLASS DECLARE_INHERITED_CLASS RETURN E O E RECV INIT_METHOD_CALL DO_FCALL INIT_METHOD_CALL DO_FCALL ASSIGN INIT_METHOD_CALL DO_FCALL ASSIGN JMPNZ_EX INIT_METHOD_CALL SEND_VAL_EX DO_FCALL BOOL ASSIGN INIT_NS_FCALL_BY_NAME INIT_METHOD_CALL SEND_VAL_EX DO_FCALL SEND_VAR_NO_REF_EX FETCH_OBJ_FUNC_ARG FETCH_DIM_FUNC_ARG SEND_VAR_EX SEND_VAL_EX DO_FCALL BOOL_NOT JMPZ_EX BOOL JMPZ_EX FETCH_OBJ_R FETCH_DIM_R BOOL JMPZ INIT_METHOD_CALL DO_FCALL ASSIGN INIT_METHOD_CALL DO_FCALL INIT_STATIC_METHOD_CALL INIT_METHOD_CALL DO_FCALL SEND_VAR_NO_REF_EX DO_FCALL ASSIGN NEW FETCH_OBJ_FUNC_ARG SEND_VAR_EX DO_FCALL ASSIGN INIT_METHOD_CALL SEND_VAR_EX SEND_VAR_EX INIT_METHOD_CALL DO_FCALL SEND_VAR_NO_REF_EX DO_FCALL ASSIGN BOOL_NOT JMPZ INIT_METHOD_CALL SEND_VAR_EX DO_FCALL VERIFY_RETURN_TYPE RETURN FETCH_OBJ_R FETCH_DIM_R INIT_ARRAY ASSIGN INIT_METHOD_CALL SEND_VAL_EX FETCH_DIM_R INIT_ARRAY SEND_VAL_EX DO_FCALL ASSIGN INIT_NS_FCALL_BY_NAME SEND_VAR_EX DO_FCALL JMPZ UNSET_DIM INIT_METHOD_CALL SEND_VAR_EX DO_FCALL ASSIGN INIT_METHOD_CALL DO_FCALL INIT_METHOD_CALL SEND_VAR_EX DO_FCALL RETURN VERIFY_RETURN_TYPE RETURN E O E RETURN VERIFY_RETURN_TYPE RETURN E O E RECV INIT_STATIC_METHOD_CALL SEND_VAL_EX DO_FCALL JMPZ NEW INIT_METHOD_CALL DO_FCALL SEND_VAR_NO_REF_EX DO_FCALL ASSIGN JMP NEW FETCH_CLASS_CONSTANT SEND_VAL_EX DO_FCALL ASSIGN FETCH_OBJ_R FETCH_DIM_R JMPZ INIT_METHOD_CALL FETCH_OBJ_FUNC_ARG FETCH_DIM_FUNC_ARG SEND_VAR_EX SEND_VAR_EX DO_FCALL VERIFY_RETURN_TYPE RETURN THROW VERIFY_RETURN_TYPE RETURN E O E RECV RECV INIT_DYNAMIC_CALL SEND_VAR_EX DO_FCALL VERIFY_RETURN_TYPE RETURN VERIFY_RETURN_TYPE RETURN
F1090.php, E O E ECHO RETURN
F1091.php, E O E ECHO RETURN
F1092.php, E O E ECHO RETURN
F1093.php, E O E ECHO INIT_METHOD_CALL SEND_VAL_EX DO_FCALL ECHO RETURN
F1094.php, E O E INIT_METHOD_CALL SEND_VAL_EX DO_FCALL ECHO RETURN
F1095.php, E O E ECHO RETURN
F1096.php, E O E ECHO RETURN
F1097.php, E O E ECHO RETURN
F1098.php, E O E ECHO INIT_FCALL_BY_NAME SEND_VAR_EX DO_FCALL ECHO ECHO INIT_FCALL_BY_NAME SEND_VAL_EX SEND_VAL_EX DO_FCALL ECHO ECHO INIT_FCALL INIT_FCALL_BY_NAME SEND_VAL_EX SEND_VAL_EX DO_FCALL SEND_VAR ROPE_INIT ROPE_ADD ROPE_END SEND_VAL DO_ICALL ECHO ECHO INIT_STATIC_METHOD_CALL SEND_VAL_EX DO_FCALL JMPZ INIT_METHOD_CALL SEND_VAL_EX DO_FCALL ECHO RETURN
F1099.php, E O E ECHO INIT_FCALL_BY_NAME SEND_VAL_EX SEND_VAL_EX DO_FCALL ECHO ECHO INIT_FCALL_BY_NAME SEND_VAL_EX SEND_VAL_EX DO_FCALL ECHO ECHO INIT_FCALL_BY_NAME SEND_VAR_EX DO_FCALL ECHO ECHO INIT_STATIC_METHOD_CALL SEND_VAL_EX DO_FCALL JMPZ INIT_METHOD_CALL SEND_VAL_EX DO_FCALL ECHO INIT_METHOD_CALL SEND_VAL_EX DO_FCALL ECHO RETURN
F11.php, E O E FETCH_CLASS DECLARE_INHERITED_CLASS RETURN E O E RECV RECV FETCH_DIM_R INIT_ARRAY FETCH_DIM_R ADD_ARRAY_ELEMENT FE_RESET_R FE_FETCH_R INIT_METHOD_CALL SEND_VAR_EX DO_FCALL ASSIGN ISSET_ISEMPTY_CV JMPNZ_EX INIT_NS_FCALL_BY_NAME SEND_VAR_EX DO_FCALL BOOL_NOT BOOL JMPZ FE_FREE RETURN JMP FE_FREE RETURN VERIFY_RETURN_TYPE RETURN E O E RECV RECV FETCH_OBJ_R FETCH_DIM_R ASSIGN INIT_METHOD_CALL SEND_VAR_EX SEND_VAR_EX DO_FCALL BOOL_NOT JMPZ RETURN INIT_METHOD_CALL INIT_METHOD_CALL FETCH_DIM_FUNC_ARG SEND_VAR_EX DO_FCALL SEND_VAR_NO_REF_EX INIT_METHOD_CALL FETCH_DIM_FUNC_ARG SEND_VAR_EX DO_FCALL SEND_VAR_NO_REF_EX DO_FCALL RETURN RETURN
F110.php, E O E FETCH_CLASS DECLARE_INHERITED_CLASS RETURN E O E RECV RECV_INIT ISSET_ISEMPTY_DIM_OBJ JMPZ FETCH_DIM_R INSTANCEOF BOOL_NOT JMPZ NEW SEND_VAL_EX DO_FCALL THROW FETCH_DIM_R ASSIGN_OBJ OP_DATA UNSET_DIM JMP NEW DO_FCALL ASSIGN_OBJ OP_DATA INIT_STATIC_METHOD_CALL SEND_VAR_EX SEND_VAR_EX DO_FCALL RETURN E O E RETURN VERIFY_RETURN_TYPE RETURN E O E RECV RECV_INIT FETCH_OBJ_R INIT_METHOD_CALL DO_FCALL INIT_METHOD_CALL DO_FCALL ASSIGN FETCH_OBJ_R INIT_METHOD_CALL SEND_VAR_EX INIT_METHOD_CALL DO_FCALL SEND_VAR_NO_REF_EX SEND_VAR_EX DO_FCALL ASSIGN INIT_METHOD_CALL DO_FCALL JMP E CATCH INIT_METHOD_CALL DO_FCALL NEW SEND_VAL_EX SEND_VAL_EX SEND_VAR_EX DO_FCALL THROW VERIFY_RETURN_TYPE RETURN VERIFY_RETURN_TYPE RETURN E O E RECV RECV FETCH_OBJ_R INIT_METHOD_CALL DO_FCALL INIT_METHOD_CALL DO_FCALL ASSIGN FETCH_OBJ_R INIT_METHOD_CALL INIT_METHOD_CALL DO_FCALL SEND_VAR_NO_REF_EX FETCH_OBJ_R INIT_METHOD_CALL SEND_VAR_EX SEND_VAR_EX DO_FCALL SEND_VAR_NO_REF_EX DO_FCALL VERIFY_RETURN_TYPE RETURN VERIFY_RETURN_TYPE RETURN E O E RECV ASSIGN_OBJ OP_DATA FETCH_THIS RETURN RETURN E O E FETCH_OBJ_R VERIFY_RETURN_TYPE RETURN VERIFY_RETURN_TYPE RETURN E O E INIT_METHOD_CALL DO_FCALL ASSIGN INIT_METHOD_CALL DO_FCALL ASSIGN FETCH_OBJ_R INIT_METHOD_CALL DO_FCALL INIT_METHOD_CALL SEND_VAL_EX SEND_VAL_EX DO_FCALL CAST ADD ASSIGN INIT_METHOD_CALL INIT_METHOD_CALL SEND_VAL_EX SEND_VAR_EX DO_FCALL SEND_VAR_NO_REF_EX DO_FCALL RETURN E O E RECV RECV_INIT RECV_INIT FETCH_OBJ_R INIT_METHOD_CALL SEND_VAR_EX SEND_VAR_EX SEND_VAR_EX DO_FCALL FETCH_THIS RETURN RETURN E O E RECV_INIT RECV_INIT FETCH_OBJ_R INIT_METHOD_CALL SEND_VAR_EX SEND_VAR_EX DO_FCALL RETURN RETURN E O E RECV RECV_INIT FETCH_OBJ_R INIT_METHOD_CALL SEND_VAR_EX SEND_VAL_EX DO_FCALL FETCH_THIS RETURN RETURN E O E RECV RECV INIT_NS_FCALL_BY_NAME FETCH_OBJ_R INIT_ARRAY ADD_ARRAY_ELEMENT SEND_VAL_EX SEND_VAR_EX DO_FCALL RETURN RETURN
F1100.php, E O E ECHO RETURN
F1101.php, E O E ECHO RETURN
F1102.php, E O E ECHO RETURN
F1103.php, E O E ECHO RETURN
F1104.php, E O E ECHO RETURN
F1105.php, E O E ECHO RETURN
F1106.php, E O E FE_RESET_R FE_FETCH_R ECHO FETCH_DIM_R ECHO ECHO FETCH_DIM_R ECHO ECHO JMP FE_FREE RETURN
F1107.php, E O E ECHO RETURN
F1108.php, E O E ECHO RETURN
F1109.php, E O E INIT_METHOD_CALL SEND_VAL_EX DO_FCALL ECHO RETURN
F111.php, E O E FETCH_CLASS DECLARE_INHERITED_CLASS RETURN E O E RECV RECV_INIT ASSIGN_ADD INIT_STATIC_METHOD_CALL SEND_VAR_EX SEND_VAR_EX DO_FCALL RETURN E O E RETURN VERIFY_RETURN_TYPE RETURN E O E RECV RECV INIT_METHOD_CALL DO_FCALL ASSIGN ISSET_ISEMPTY_CV JMPNZ_EX INIT_NS_FCALL_BY_NAME SEND_VAR_EX DO_FCALL FETCH_DIM_R IS_IDENTICAL BOOL JMPZ RETURN INIT_METHOD_CALL SEND_VAR_EX DO_FCALL ASSIGN INIT_NS_FCALL_BY_NAME SEND_VAR_EX DO_FCALL ASSIGN INIT_NS_FCALL_BY_NAME SEND_VAR_EX SEND_VAL_EX DO_FCALL JMPZ RETURN INIT_NS_FCALL_BY_NAME INIT_NS_FCALL_BY_NAME INIT_STATIC_METHOD_CALL DO_FCALL SEND_VAR_NO_REF_EX INIT_NS_FCALL_BY_NAME INIT_METHOD_CALL SEND_VAL_EX DO_FCALL SEND_VAR_NO_REF_EX DO_FCALL SEND_VAR_NO_REF_EX DO_FCALL SEND_VAR_NO_REF_EX DO_FCALL ASSIGN FE_RESET_R FE_FETCH_R INIT_NS_FCALL_BY_NAME SEND_VAR_EX SEND_VAR_EX DO_FCALL ASSIGN JMPZ INIT_NS_FCALL_BY_NAME SEND_VAR_EX DO_FCALL ASSIGN_OBJ OP_DATA JMP JMP FE_FREE RETURN E O E RECV INIT_METHOD_CALL DO_FCALL ASSIGN INIT_METHOD_CALL DO_FCALL ASSIGN INIT_METHOD_CALL DO_FCALL ASSIGN INIT_METHOD_CALL SEND_VAL_EX DO_FCALL ASSIGN_OBJ OP_DATA FETCH_OBJ_R BOOL_NOT JMPNZ_EX INIT_NS_FCALL_BY_NAME FETCH_OBJ_FUNC_ARG SEND_VAR_EX SEND_VAL_EX SEND_VAL_EX DO_FCALL BOOL JMPZ INIT_METHOD_CALL SEND_VAR_EX SEND_VAR_EX DO_FCALL INIT_METHOD_CALL SEND_VAL_EX DO_FCALL ASSIGN INIT_METHOD_CALL INIT_METHOD_CALL SEND_VAL_EX SEND_VAR_EX DO_FCALL SEND_VAR_NO_REF_EX DO_FCALL FETCH_OBJ_R BOOL_NOT JMPZ_EX BOOL JMPZ ASSIGN_OBJ OP_DATA RETURN E O E RECV INIT_METHOD_CALL DO_FCALL ASSIGN INIT_METHOD_CALL DO_FCALL ASSIGN FETCH_OBJ_R JMPZ_EX INIT_NS_FCALL_BY_NAME FETCH_OBJ_FUNC_ARG SEND_VAR_EX SEND_VAL_EX SEND_VAL_EX DO_FCALL BOOL_NOT BOOL JMPZ INIT_METHOD_CALL FETCH_OBJ_FUNC_ARG SEND_VAR_EX DO_FCALL BOOL_NOT JMPZ NEW FETCH_OBJ_R CONCAT SEND_VAL_EX DO_FCALL THROW INIT_METHOD_CALL SEND_VAR_EX FETCH_OBJ_FUNC_ARG SEND_VAR_EX DO_FCALL INIT_METHOD_CALL DO_FCALL ASSIGN JMP INIT_METHOD_CALL INIT_STATIC_METHOD_CALL SEND_VAL_EX DO_FCALL SEND_VAR_NO_REF_EX DO_FCALL ASSIGN FETCH_OBJ_R FETCH_DIM_R JMPZ_EX INIT_METHOD_CALL INIT_METHOD_CALL DO_FCALL SEND_VAR_NO_REF_EX DO_FCALL BOOL JMPZ INIT_METHOD_CALL SEND_VAR_EX DO_FCALL INIT_METHOD_CALL DO_FCALL RETURN INIT_METHOD_CALL SEND_VAR_EX DO_FCALL RETURN E O E RECV_INIT INIT_METHOD_CALL DO_FCALL ASSIGN INIT_METHOD_CALL DO_FCALL INIT_METHOD_CALL DO_FCALL ASSIGN BOOL_NOT JMPZ INIT_METHOD_CALL DO_FCALL INIT_METHOD_CALL SEND_VAR_EX DO_FCALL RETURN INIT_NS_FCALL_BY_NAME SEND_VAR_EX DO_FCALL JMPZ FE_RESET_R FE_FETCH_R INIT_METHOD_CALL SEND_VAR_EX DO_FCALL ASSIGN INIT_NS_FCALL_BY_NAME SEND_VAR_EX SEND_VAR_EX SEND_VAL_EX DO_FCALL JMPZ FE_FREE RETURN JMP FE_FREE RETURN INIT_NS_FCALL_BY_NAME SEND_VAR_EX DO_FCALL JMPZ INIT_NS_FCALL_BY_NAME INIT_METHOD_CALL SEND_VAR_EX DO_FCALL SEND_VAR_NO_REF_EX SEND_VAR_EX SEND_VAL_EX DO_FCALL RETURN RETURN RETURN E O E RECV_INIT INIT_METHOD_CALL DO_FCALL ASSIGN INIT_METHOD_CALL DO_FCALL ASSIGN INIT_METHOD_CALL SEND_VAL_EX DO_FCALL BOOL_NOT JMPZ_EX INIT_METHOD_CALL SEND_VAL_EX DO_FCALL BOOL_NOT BOOL JMPZ_EX INIT_METHOD_CALL SEND_VAL_EX DO_FCALL BOOL_NOT BOOL JMPZ_EX INIT_METHOD_CALL SEND_VAL_EX DO_FCALL BOOL_NOT BOOL JMPZ RETURN INIT_NS_FCALL_BY_NAME SEND_VAR_EX DO_FCALL JMPZ FE_RESET_R FE_FETCH_R INIT_METHOD_CALL SEND_VAR_EX DO_FCALL JMPZ FE_FREE RETURN JMP FE_FREE RETURN INIT_NS_FCALL_BY_NAME SEND_VAL_EX INIT_METHOD_CALL DO_FCALL COALESCE QM_ASSIGN SEND_VAL_EX DO_FCALL FETCH_LIST ASSIGN FREE IS_IDENTICAL JMPZ INIT_METHOD_CALL DO_FCALL INIT_METHOD_CALL SEND_VAR_EX DO_FCALL RETURN INIT_NS_FCALL_BY_NAME SEND_VAR_EX DO_FCALL JMPZ INIT_METHOD_CALL DO_FCALL INIT_METHOD_CALL SEND_VAR_EX DO_FCALL IS_IDENTICAL RETURN RETURN E O E RECV_INIT INIT_METHOD_CALL DO_FCALL ASSIGN INIT_METHOD_CALL DO_FCALL INIT_METHOD_CALL DO_FCALL ASSIGN ISSET_ISEMPTY_CV JMPZ JMPZ FETCH_OBJ_R IS_IDENTICAL QM_ASSIGN JMP FETCH_OBJ_R QM_ASSIGN RETURN INIT_METHOD_CALL DO_FCALL INIT_METHOD_CALL INIT_NS_FCALL_BY_NAME SEND_VAR_EX DO_FCALL SEND_VAR_NO_REF_EX DO_FCALL ASSIGN BOOL_NOT JMPZ ISSET_ISEMPTY_PROP_OBJ JMPZ_EX ISSET_ISEMPTY_CV BOOL_NOT BOOL JMPZ FETCH_DIM_R RETURN FETCH_OBJ_R RETURN CAST ASSIGN INIT_NS_FCALL_BY_NAME SEND_VAR_EX DO_FCALL IS_IDENTICAL JMPZ FETCH_OBJ_R JMPZ INIT_NS_FCALL_BY_NAME FETCH_OBJ_FUNC_ARG SEND_VAR_EX SEND_VAR_EX SEND_VAL_EX DO_FCALL RETURN INIT_NS_FCALL_BY_NAME FETCH_DIM_FUNC_ARG SEND_VAR_EX SEND_VAR_EX SEND_VAL_EX DO_FCALL RETURN INIT_NS_FCALL_BY_NAME INIT_NS_FCALL_BY_NAME SEND_VAR_EX SEND_VAR_EX DO_FCALL SEND_VAR_NO_REF_EX DO_FCALL ASSIGN BOOL_NOT JMPZ RETURN FETCH_DIM_R RETURN RETURN E O E RECV RECV RECV_INIT ASSIGN INIT_METHOD_CALL SEND_VAL_EX DO_FCALL ASSIGN INIT_STATIC_METHOD_CALL SEND_VAL_EX DO_FCALL IS_NOT_IDENTICAL JMPZ INIT_STATIC_METHOD_CALL SEND_VAL_EX DO_FCALL ASSIGN_DIM OP_DATA ASSIGN_ADD INIT_METHOD_CALL DO_FCALL ASSIGN INIT_NS_FCALL_BY_NAME SEND_VAR_EX SEND_VAR_EX DO_FCALL JMPZ FETCH_DIM_R ASSIGN JMP INIT_STATIC_METHOD_CALL SEND_VAR_EX DO_FCALL ASSIGN ASSIGN INIT_METHOD_CALL DO_FCALL IS_IDENTICAL JMPZ INIT_STATIC_METHOD_CALL SEND_VAR_EX SEND_VAL_EX SEND_VAL_EX DO_FCALL ASSIGN JMPZ INIT_METHOD_CALL SEND_VAR_EX DO_FCALL JMP FETCH_OBJ_R BOOL_NOT JMPZ INIT_METHOD_CALL INIT_METHOD_CALL DO_FCALL CAST FETCH_CONSTANT CONCAT CONCAT SEND_VAL_EX DO_FCALL JMP INIT_METHOD_CALL INIT_NS_FCALL_BY_NAME FETCH_OBJ_R ROPE_INIT ROPE_ADD ROPE_END SEND_VAL_EX FETCH_CONSTANT CONCAT SEND_VAL_EX INIT_METHOD_CALL DO_FCALL CAST SEND_VAL_EX DO_FCALL SEND_VAR_NO_REF_EX DO_FCALL ASSIGN_OBJ OP_DATA INIT_METHOD_CALL SEND_VAR_EX DO_FCALL INIT_METHOD_CALL DO_FCALL INIT_METHOD_CALL SEND_VAR_EX DO_FCALL JMPZ INIT_METHOD_CALL SEND_VAR_EX SEND_VAR_EX DO_FCALL RETURN E O E RECV RECV_INIT ASSIGN ASSIGN_ADD ASSIGN INIT_METHOD_CALL DO_FCALL ASSIGN INIT_METHOD_CALL DO_FCALL ASSIGN INIT_NS_FCALL_BY_NAME SEND_VAR_EX SEND_VAL_EX DO_FCALL IS_IDENTICAL JMPZ INIT_METHOD_CALL SEND_VAR_EX DO_FCALL ASSIGN INIT_NS_FCALL_BY_NAME SEND_VAR_EX DO_FCALL JMPZ FETCH_DIM_R ISSET_ISEMPTY_DIM_OBJ JMPZ FETCH_DIM_R FETCH_DIM_R ASSIGN INIT_METHOD_CALL SEND_VAR_EX DO_FCALL JMPZ INIT_METHOD_CALL SEND_VAR_EX DO_FCALL ASSIGN JMP FETCH_DIM_R ASSIGN BOOL_NOT JMPZ RETURN INIT_METHOD_CALL SEND_VAR_EX DO_FCALL ASSIGN ISSET_ISEMPTY_DIM_OBJ BOOL_NOT JMPZ INIT_METHOD_CALL FETCH_DIM_FUNC_ARG SEND_VAR_EX DO_FCALL ASSIGN ISSET_ISEMPTY_DIM_OBJ BOOL_NOT JMPZ INIT_METHOD_CALL FETCH_DIM_FUNC_ARG SEND_VAR_EX DO_FCALL ASSIGN INIT_METHOD_CALL SEND_VAR_EX DO_FCALL RETURN VERIFY_RETURN_TYPE RETURN E O E RECV INIT_NS_FCALL_BY_NAME SEND_VAR_EX DO_FCALL JMPZ INIT_NS_FCALL_BY_NAME FETCH_THIS INIT_ARRAY ADD_ARRAY_ELEMENT SEND_VAL_EX SEND_VAR_EX DO_FCALL RETURN INIT_METHOD_CALL DO_FCALL INIT_METHOD_CALL DO_FCALL INIT_METHOD_CALL SEND_VAR_EX DO_FCALL ASSIGN JMPZ INIT_NS_FCALL_BY_NAME SEND_VAR_EX DO_FCALL JMPZ FETCH_DIM_R RETURN RETURN RETURN RETURN
F1110.php, E O E INIT_METHOD_CALL SEND_VAL_EX DO_FCALL ECHO RETURN
F1111.php, E O E ECHO ECHO ECHO ECHO ECHO RETURN
F1112.php, E O E ECHO FETCH_DIM_R ECHO ECHO FETCH_DIM_R ECHO ECHO ECHO ECHO RETURN
F1113.php, E O E FETCH_OBJ_R INIT_METHOD_CALL SEND_VAL_EX SEND_VAL_EX DO_FCALL ECHO RETURN
F1114.php, E O E ECHO INIT_METHOD_CALL SEND_VAL_EX DO_FCALL ECHO RETURN
F1115.php, E O E ECHO RETURN
F1116.php, E O E ECHO ECHO ECHO ECHO ECHO ECHO ECHO RETURN
F1117.php, E O E ECHO RETURN
F1118.php, E O E GET_TYPE ECHO RETURN
F1119.php, E O E ECHO INIT_FCALL_BY_NAME SEND_VAR_EX DO_FCALL ECHO ECHO RETURN
F112.php, E O E FETCH_CLASS DECLARE_INHERITED_CLASS RETURN E O E RECV INIT_METHOD_CALL DO_FCALL ASSIGN INIT_METHOD_CALL DO_FCALL ASSIGN INIT_METHOD_CALL SEND_VAL_EX DO_FCALL ASSIGN_OBJ OP_DATA INIT_METHOD_CALL DO_FCALL JMPNZ_EX INIT_METHOD_CALL SEND_VAL_EX DO_FCALL BOOL ASSIGN INIT_METHOD_CALL SEND_VAR_EX DO_FCALL FETCH_OBJ_R FETCH_OBJ_R FETCH_DIM_R IS_IDENTICAL JMPZ NEW INIT_NS_FCALL_BY_NAME SEND_VAL_EX FETCH_OBJ_FUNC_ARG SEND_VAR_EX DO_FCALL SEND_VAR_NO_REF_EX DO_FCALL THROW INIT_NS_FCALL_BY_NAME FETCH_OBJ_FUNC_ARG SEND_VAR_EX FETCH_OBJ_R FETCH_DIM_R CAST SEND_VAL_EX SEND_VAL_EX DO_FCALL BOOL_NOT JMPZ_EX BOOL JMPZ_EX FETCH_OBJ_R FETCH_DIM_R BOOL JMPZ INIT_METHOD_CALL SEND_VAR_EX DO_FCALL JMP E CATCH INIT_METHOD_CALL SEND_VAR_EX INIT_METHOD_CALL DO_FCALL SEND_VAR_NO_REF_EX SEND_VAR_EX DO_FCALL VERIFY_RETURN_TYPE RETURN INIT_METHOD_CALL SEND_VAR_EX DO_FCALL ASSIGN JMPZ_EX INIT_NS_FCALL_BY_NAME INIT_METHOD_CALL DO_FCALL INIT_METHOD_CALL DO_FCALL SEND_VAR_NO_REF_EX DO_FCALL BOOL JMPZ INIT_METHOD_CALL SEND_VAL_EX DO_FCALL ASSIGN INIT_METHOD_CALL SEND_VAR_EX DO_FCALL RETURN VERIFY_RETURN_TYPE RETURN E O E RETURN VERIFY_RETURN_TYPE RETURN E O E RECV_INIT CAST ASSIGN INIT_METHOD_CALL SEND_VAL_EX ISSET_ISEMPTY_CV JMPZ QM_ASSIGN JMP QM_ASSIGN SEND_VAL_EX DO_FCALL RETURN E O E RECV RECV_INIT RECV_INIT FETCH_OBJ_R FETCH_DIM_R BOOL_NOT JMPZ INIT_METHOD_CALL SEND_VAR_EX DO_FCALL INIT_METHOD_CALL SEND_VAR_EX FETCH_OBJ_FUNC_ARG FETCH_DIM_FUNC_ARG SEND_VAR_EX INIT_ARRAY ADD_ARRAY_ELEMENT SEND_VAL_EX DO_FCALL RETURN RETURN E O E RECV_INIT IS_NOT_IDENTICAL JMPZ INIT_STATIC_METHOD_CALL SEND_VAL_EX DO_FCALL BOOL_NOT JMPZ INIT_METHOD_CALL INIT_METHOD_CALL DO_FCALL SEND_VAR_NO_REF_EX DO_FCALL INIT_METHOD_CALL FETCH_CLASS_CONSTANT SEND_VAL_EX DO_FCALL THROW NEW FETCH_CLASS_CONSTANT SEND_VAL_EX DO_FCALL THROW RETURN E O E RECV FETCH_OBJ_IS ISSET_ISEMPTY_DIM_OBJ JMPNZ_EX INIT_NS_FCALL_BY_NAME FETCH_OBJ_FUNC_ARG FETCH_DIM_FUNC_ARG SEND_VAR_EX DO_FCALL BOOL_NOT BOOL JMPZ RETURN FETCH_OBJ_R FETCH_DIM_R ASSIGN FETCH_DIM_R IS_IDENTICAL JMPNZ_EX INIT_NS_FCALL_BY_NAME FETCH_OBJ_FUNC_ARG SEND_VAR_EX SEND_VAR_EX SEND_VAL_EX DO_FCALL BOOL JMPZ_EX INIT_METHOD_CALL DO_FCALL INIT_METHOD_CALL SEND_VAL_EX DO_FCALL BOOL_NOT BOOL JMPZ NEW SEND_VAL_EX DO_FCALL THROW RETURN E O E RECV INIT_METHOD_CALL SEND_VAR_EX DO_FCALL ASSIGN INIT_METHOD_CALL SEND_VAR_EX DO_FCALL ASSIGN INIT_NS_FCALL_BY_NAME SEND_VAL_EX INIT_NS_FCALL_BY_NAME SEND_VAL_EX SEND_VAR_EX DO_FCALL SEND_VAR_NO_REF_EX INIT_STATIC_METHOD_CALL DO_FCALL SEND_VAR_NO_REF_EX DO_FCALL ASSIGN INIT_NS_FCALL_BY_NAME SEND_VAR_EX SEND_VAR_EX DO_FCALL JMPZ RETURN FETCH_CLASS_CONSTANT ASSIGN INIT_STATIC_METHOD_CALL SEND_VAL_EX DO_FCALL JMPZ INIT_METHOD_CALL SEND_VAR_EX SEND_VAR_EX DO_FCALL ASSIGN NEW SEND_VAR_EX DO_FCALL THROW RETURN E O E RECV INIT_METHOD_CALL DO_FCALL INIT_METHOD_CALL DO_FCALL ASSIGN ASSIGN ISSET_ISEMPTY_DIM_OBJ BOOL_NOT JMPZ NEW INIT_NS_FCALL_BY_NAME SEND_VAR_EX SEND_VAL_EX DO_FCALL SEND_VAR_NO_REF_EX DO_FCALL THROW FETCH_DIM_IS ISSET_ISEMPTY_DIM_OBJ BOOL_NOT JMPZ NEW INIT_NS_FCALL_BY_NAME SEND_VAR_EX SEND_VAL_EX DO_FCALL SEND_VAR_NO_REF_EX DO_FCALL THROW FETCH_DIM_IS ISSET_ISEMPTY_DIM_OBJ BOOL_NOT JMPZ NEW INIT_NS_FCALL_BY_NAME SEND_VAR_EX SEND_VAL_EX DO_FCALL SEND_VAR_NO_REF_EX DO_FCALL THROW INIT_STATIC_METHOD_CALL SEND_VAL_EX DO_FCALL JMPZ_EX FETCH_DIM_IS ISSET_ISEMPTY_DIM_OBJ BOOL_NOT BOOL JMPZ NEW INIT_NS_FCALL_BY_NAME SEND_VAR_EX SEND_VAL_EX DO_FCALL SEND_VAR_NO_REF_EX DO_FCALL THROW INIT_STATIC_METHOD_CALL SEND_VAL_EX DO_FCALL BOOL_NOT JMPZ_EX FETCH_DIM_IS ISSET_ISEMPTY_DIM_OBJ BOOL JMPZ NEW SEND_VAL_EX DO_FCALL THROW INIT_NS_FCALL_BY_NAME FETCH_DIM_FUNC_ARG FETCH_DIM_FUNC_ARG SEND_VAR_EX DO_FCALL ASSIGN INIT_NS_FCALL_BY_NAME SEND_VAR_EX SEND_VAL_EX DO_FCALL JMPZ INIT_NS_FCALL_BY_NAME SEND_VAL_EX SEND_VAR_EX SEND_VAL_EX DO_FCALL FETCH_LIST ASSIGN FREE VERIFY_RETURN_TYPE RETURN VERIFY_RETURN_TYPE RETURN E O E RECV INIT_METHOD_CALL DO_FCALL ASSIGN INIT_METHOD_CALL DO_FCALL ASSIGN INIT_METHOD_CALL DO_FCALL INIT_METHOD_CALL DO_FCALL CAST ASSIGN INIT_METHOD_CALL SEND_VAR_EX DO_FCALL ASSIGN INIT_METHOD_CALL SEND_VAR_EX DO_FCALL ASSIGN INIT_STATIC_METHOD_CALL INIT_METHOD_CALL DO_FCALL SEND_VAR_NO_REF_EX DO_FCALL INIT_ARRAY INIT_NS_FCALL_BY_NAME SEND_VAR_EX DO_FCALL ADD_ARRAY_ELEMENT ADD_ARRAY_ELEMENT INIT_METHOD_CALL DO_FCALL ADD_ARRAY_ELEMENT VERIFY_RETURN_TYPE RETURN VERIFY_RETURN_TYPE RETURN E O E RECV ASSIGN INIT_NS_FCALL_BY_NAME FETCH_DIM_FUNC_ARG FETCH_DIM_FUNC_ARG SEND_VAR_EX DO_FCALL ASSIGN INIT_METHOD_CALL SEND_VAR_EX DO_FCALL ASSIGN INIT_NS_FCALL_BY_NAME SEND_VAR_EX SEND_VAL_EX DO_FCALL JMPZ INIT_NS_FCALL_BY_NAME SEND_VAL_EX SEND_VAR_EX SEND_VAL_EX DO_FCALL FETCH_LIST ASSIGN FREE UNSET_DIM JMPZ INIT_NS_FCALL_BY_NAME SEND_VAL_EX SEND_VAR_EX DO_FCALL QM_ASSIGN JMP QM_ASSIGN ASSIGN JMPZ INIT_NS_FCALL_BY_NAME SEND_VAL_EX SEND_VAR_EX DO_FCALL QM_ASSIGN JMP QM_ASSIGN ASSIGN INIT_STATIC_METHOD_CALL SEND_VAR_EX DO_FCALL ASSIGN INIT_NS_FCALL_BY_NAME SEND_VAR_EX DO_FCALL ASSIGN ASSIGN ASSIGN ASSIGN FE_RESET_R FE_FETCH_R ASSIGN INIT_NS_FCALL_BY_NAME SEND_VAR_EX DO_FCALL JMPZ_EX INIT_NS_FCALL_BY_NAME SEND_VAL_EX SEND_VAR_EX DO_FCALL BOOL JMPZ INIT_NS_FCALL_BY_NAME SEND_VAL_EX SEND_VAL_EX SEND_VAR_EX DO_FCALL ASSIGN_DIM OP_DATA UNSET_DIM JMP CAST ASSIGN_DIM OP_DATA JMP FE_FREE ISSET_ISEMPTY_CV BOOL_NOT JMPZ INIT_NS_FCALL_BY_NAME SEND_VAR_EX DO_FCALL ASSIGN_ADD INIT_NS_FCALL_BY_NAME INIT_NS_FCALL_BY_NAME FETCH_OBJ_R FETCH_DIM_R CAST SEND_VAL_EX SEND_VAR_EX DO_FCALL SEND_VAR_NO_REF_EX DO_FCALL ASSIGN FE_RESET_R FE_FETCH_R ASSIGN INIT_NS_FCALL_BY_NAME SEND_VAR_EX SEND_VAR_EX SEND_VAL_EX DO_FCALL ASSIGN ISSET_ISEMPTY_CV BOOL_NOT JMPZ FE_RESET_R FE_FETCH_R INIT_NS_FCALL_BY_NAME SEND_VAL_EX SEND_VAR_EX DO_FCALL ASSIGN INIT_NS_FCALL_BY_NAME INIT_NS_FCALL_BY_NAME INIT_NS_FCALL_BY_NAME SEND_VAL_EX SEND_VAR_EX DO_FCALL SEND_VAR_NO_REF_EX SEND_VAR_EX DO_FCALL SEND_VAR_NO_REF_EX DO_FCALL ASSIGN IS_IDENTICAL ASSIGN JMPZ JMP JMP FE_FREE JMPNZ_EX BOOL JMPZ UNSET_DIM JMPZ FETCH_DIM_R ASSIGN_DIM OP_DATA JMP FE_FREE INIT_NS_FCALL_BY_NAME SEND_VAR_EX FETCH_CONSTANT SEND_VAL_EX DO_FCALL INIT_NS_FCALL_BY_NAME SEND_VAR_EX FETCH_CONSTANT SEND_VAL_EX DO_FCALL ASSIGN_ADD VERIFY_RETURN_TYPE RETURN VERIFY_RETURN_TYPE RETURN E O E RECV INIT_NS_FCALL_BY_NAME FETCH_DIM_FUNC_ARG FETCH_DIM_FUNC_ARG SEND_VAR_EX DO_FCALL VERIFY_RETURN_TYPE RETURN VERIFY_RETURN_TYPE RETURN E O E RECV INIT_METHOD_CALL SEND_VAR_EX DO_FCALL ASSIGN INIT_NS_FCALL_BY_NAME SEND_VAL_EX SEND_VAR_EX DO_FCALL ASSIGN INIT_NS_FCALL_BY_NAME SEND_VAR_EX FETCH_CONSTANT SEND_VAL_EX DO_FCALL INIT_NS_FCALL_BY_NAME SEND_VAL_EX SEND_VAR_EX DO_FCALL VERIFY_RETURN_TYPE RETURN VERIFY_RETURN_TYPE RETURN E O E RECV RECV ASSIGN INIT_NS_FCALL_BY_NAME INIT_NS_FCALL_BY_NAME INIT_METHOD_CALL DO_FCALL INIT_METHOD_CALL SEND_VAL_EX DO_FCALL SEND_VAR_NO_REF_EX DO_FCALL SEND_VAR_NO_REF_EX SEND_VAL_EX DO_FCALL ASSIGN INIT_NS_FCALL_BY_NAME SEND_VAR_EX DO_FCALL BOOL_NOT JMPNZ_EX INIT_NS_FCALL_BY_NAME SEND_VAR_EX DO_FCALL IS_NOT_IDENTICAL BOOL JMPZ RETURN INIT_STATIC_METHOD_CALL SEND_VAR_EX SEND_VAL_EX DO_FCALL ASSIGN INIT_STATIC_METHOD_CALL SEND_VAR_EX SEND_VAL_EX DO_FCALL ASSIGN IS_NOT_IDENTICAL JMPZ INIT_NS_FCALL_BY_NAME SEND_VAL_EX SEND_VAR_EX SEND_VAR_EX DO_FCALL ASSIGN_DIM OP_DATA INIT_STATIC_METHOD_CALL SEND_VAR_EX SEND_VAL_EX DO_FCALL ASSIGN INIT_STATIC_METHOD_CALL SEND_VAR_EX SEND_VAL_EX DO_FCALL ASSIGN JMPZ INIT_NS_FCALL_BY_NAME SEND_VAR_EX DO_FCALL ASSIGN INIT_METHOD_CALL SEND_VAR_EX SEND_VAR_EX SEND_VAL_EX SEND_VAL_EX SEND_VAL_EX DO_FCALL ASSIGN INIT_STATIC_METHOD_CALL SEND_VAR_EX SEND_VAL_EX DO_FCALL ASSIGN INIT_STATIC_METHOD_CALL SEND_VAR_EX SEND_VAL_EX DO_FCALL JMP_SET QM_ASSIGN ASSIGN JMPZ INIT_NS_FCALL_BY_NAME SEND_VAL_EX SEND_VAR_EX DO_FCALL ASSIGN INIT_METHOD_CALL CAST SEND_VAL_EX SEND_VAR_EX SEND_VAL_EX SEND_VAL_EX SEND_VAL_EX DO_FCALL ASSIGN INIT_NS_FCALL_BY_NAME SEND_VAR_EX SEND_VAR_EX SEND_VAR_EX DO_FCALL ASSIGN INIT_NS_FCALL_BY_NAME SEND_VAL_EX SEND_VAR_EX DO_FCALL VERIFY_RETURN_TYPE RETURN VERIFY_RETURN_TYPE RETURN E O E RECV RECV_INIT RECV_INIT RECV_INIT RECV_INIT INIT_METHOD_CALL SEND_VAR_EX SEND_VAR_EX SEND_VAR_EX SEND_VAR_EX DO_FCALL ASSIGN INIT_METHOD_CALL SEND_VAR_EX SEND_VAR_EX DO_FCALL ASSIGN IS_NOT_IDENTICAL JMPZ ASSIGN_DIM OP_DATA VERIFY_RETURN_TYPE RETURN VERIFY_RETURN_TYPE RETURN E O E RECV FETCH_OBJ_R FETCH_DIM_R INIT_ARRAY ASSIGN INIT_METHOD_CALL SEND_VAL_EX FETCH_DIM_R INIT_ARRAY SEND_VAL_EX DO_FCALL VERIFY_RETURN_TYPE RETURN VERIFY_RETURN_TYPE RETURN E O E RECV RECV RECV_INIT INIT_NS_FCALL_BY_NAME INIT_ARRAY ADD_ARRAY_ELEMENT SEND_VAL_EX DO_FCALL BOOL_NOT JMPZ NEW SEND_VAL_EX DO_FCALL THROW INIT_NS_FCALL_BY_NAME INIT_ARRAY ADD_ARRAY_ELEMENT SEND_VAL_EX SEND_VAR_EX DO_FCALL RETURN RETURN E O E RECV RECV RECV RECV ASSIGN FE_RESET_R FE_FETCH_R ASSIGN INIT_NS_FCALL_BY_NAME SEND_VAR_EX DO_FCALL JMPZ INIT_NS_FCALL_BY_NAME SEND_VAR_EX CAST SEND_VAL_EX SEND_VAL_EX DO_FCALL ASSIGN IS_IDENTICAL JMPZ INIT_NS_FCALL_BY_NAME SEND_VAR_EX SEND_VAR_EX DO_FCALL ASSIGN_DIM OP_DATA JMP UNSET_DIM JMP ISSET_ISEMPTY_DIM_OBJ JMPZ_EX FETCH_DIM_R IS_NOT_IDENTICAL BOOL JMPZ INIT_NS_FCALL_BY_NAME SEND_VAR_EX SEND_VAR_EX FETCH_DIM_FUNC_ARG SEND_VAR_EX SEND_VAR_EX DO_FCALL ASSIGN_DIM OP_DATA UNSET_DIM JMP FE_FREE VERIFY_RETURN_TYPE RETURN VERIFY_RETURN_TYPE RETURN E O E RECV_INIT RECV_INIT INIT_NS_FCALL_BY_NAME SEND_VAR_EX DO_FCALL IS_IDENTICAL JMPZ RETURN ASSIGN CAST FE_RESET_R FE_FETCH_R ASSIGN INIT_NS_FCALL_BY_NAME SEND_VAR_EX DO_FCALL JMPZ ASSIGN_DIM OP_DATA JMP ASSIGN_DIM OP_DATA JMP FE_FREE INIT_NS_FCALL_BY_NAME SEND_VAR_EX INIT_NS_FCALL_BY_NAME SEND_VAL_EX SEND_VAR_EX DO_FCALL SEND_VAR_NO_REF_EX DO_FCALL VERIFY_RETURN_TYPE RETURN VERIFY_RETURN_TYPE RETURN
F1120.php, E O E ECHO INIT_FCALL_BY_NAME SEND_VAR_EX DO_FCALL ECHO ECHO RETURN
F1121.php, E O E ECHO RETURN
F1122.php, E O E ECHO ECHO ECHO RETURN
F1123.php, E O E INIT_FCALL SEND_VAL SEND_VAR DO_ICALL ASSIGN FE_RESET_R FE_FETCH_R CONCAT CONCAT ECHO JMP FE_FREE RETURN
F1124.php, E O E ECHO INIT_FCALL SEND_VAL FETCH_CLASS_CONSTANT SEND_VAL DO_ICALL ECHO ECHO INIT_FCALL SEND_VAL FETCH_CLASS_CONSTANT SEND_VAL DO_ICALL ECHO ECHO RETURN
F1125.php, E O E FETCH_OBJ_R INIT_METHOD_CALL SEND_VAL_EX SEND_VAL_EX DO_FCALL ECHO RETURN
F1126.php, E O E ECHO ECHO ECHO RETURN
F1127.php, E O E ECHO INIT_METHOD_CALL SEND_VAL_EX DO_FCALL ECHO ECHO RETURN
F1128.php, E O E ECHO ECHO RETURN
F1129.php, E O E ECHO FETCH_OBJ_R INIT_METHOD_CALL SEND_VAR_EX DO_FCALL ECHO RETURN
F113.php, E O E FETCH_CLASS DECLARE_INHERITED_CLASS RETURN
F1130.php, E O E ECHO RETURN
F1131.php, E O E ECHO ECHO RETURN
F1132.php, E O E ECHO ECHO RETURN
F1133.php, E O E ECHO INIT_FCALL_BY_NAME SEND_VAR_EX DO_FCALL ECHO ECHO INIT_FCALL_BY_NAME SEND_VAL_EX SEND_VAL_EX DO_FCALL ECHO ECHO INIT_FCALL INIT_FCALL_BY_NAME SEND_VAL_EX SEND_VAL_EX DO_FCALL SEND_VAR ROPE_INIT ROPE_ADD ROPE_END SEND_VAL DO_ICALL ECHO ECHO INIT_STATIC_METHOD_CALL SEND_VAL_EX DO_FCALL JMPZ INIT_METHOD_CALL SEND_VAL_EX DO_FCALL ECHO RETURN
F1134.php, E O E ECHO INIT_FCALL_BY_NAME SEND_VAL_EX SEND_VAL_EX DO_FCALL ECHO ECHO INIT_FCALL_BY_NAME SEND_VAL_EX SEND_VAL_EX DO_FCALL ECHO ECHO INIT_FCALL_BY_NAME SEND_VAR_EX DO_FCALL ECHO ECHO INIT_STATIC_METHOD_CALL SEND_VAL_EX DO_FCALL JMPZ INIT_METHOD_CALL SEND_VAL_EX DO_FCALL ECHO INIT_METHOD_CALL SEND_VAL_EX DO_FCALL ECHO RETURN
F1135.php, E O E ECHO RETURN
F1137.php, E O E ECHO RETURN
F1138.php, E O E ECHO RETURN
F114.php, E O E FETCH_CLASS DECLARE_INHERITED_CLASS RETURN
F1140.php, E O E RETURN
F1141.php, E O E ECHO RETURN
F1142.php, E O E ECHO INIT_METHOD_CALL SEND_VAL_EX DO_FCALL ECHO RETURN
F1143.php, E O E ECHO FETCH_OBJ_R INIT_METHOD_CALL DO_FCALL ECHO ECHO RETURN
F1144.php, E O E INIT_METHOD_CALL SEND_VAL_EX DO_FCALL ASSIGN ECHO FETCH_OBJ_R INIT_METHOD_CALL DO_FCALL ECHO ECHO ECHO ECHO INIT_METHOD_CALL SEND_VAL_EX DO_FCALL ECHO ECHO FETCH_OBJ_R INIT_METHOD_CALL SEND_VAL_EX DO_FCALL ECHO FETCH_OBJ_R INIT_METHOD_CALL SEND_VAL_EX DO_FCALL ECHO INIT_METHOD_CALL SEND_VAL_EX DO_FCALL ECHO ECHO FETCH_OBJ_R INIT_METHOD_CALL SEND_VAR_EX SEND_VAL_EX DO_FCALL ECHO ECHO INIT_METHOD_CALL SEND_VAL_EX DO_FCALL ECHO ECHO FETCH_OBJ_R INIT_METHOD_CALL FETCH_OBJ_R INIT_METHOD_CALL SEND_VAL_EX INIT_ARRAY ADD_ARRAY_ELEMENT SEND_VAL_EX DO_FCALL SEND_VAR_NO_REF_EX SEND_VAL_EX SEND_VAL_EX DO_FCALL ECHO ECHO RETURN
F1145.php, E O E INIT_METHOD_CALL SEND_VAL_EX DO_FCALL ECHO RETURN
F1146.php, E O E INIT_METHOD_CALL SEND_VAL_EX DO_FCALL ASSIGN ECHO FETCH_OBJ_R INIT_METHOD_CALL DO_FCALL ECHO ECHO ECHO ECHO INIT_METHOD_CALL SEND_VAL_EX DO_FCALL ECHO ECHO FETCH_OBJ_R INIT_METHOD_CALL SEND_VAL_EX DO_FCALL ECHO FETCH_OBJ_R INIT_METHOD_CALL SEND_VAL_EX DO_FCALL ECHO INIT_METHOD_CALL SEND_VAL_EX DO_FCALL ECHO ECHO FETCH_OBJ_R INIT_METHOD_CALL SEND_VAR_EX SEND_VAL_EX DO_FCALL ECHO ECHO FETCH_OBJ_R INIT_METHOD_CALL DO_FCALL ECHO ECHO INIT_METHOD_CALL SEND_VAL_EX DO_FCALL ECHO ECHO FETCH_OBJ_R INIT_METHOD_CALL FETCH_OBJ_R INIT_METHOD_CALL SEND_VAL_EX INIT_ARRAY ADD_ARRAY_ELEMENT SEND_VAL_EX DO_FCALL SEND_VAR_NO_REF_EX SEND_VAL_EX SEND_VAL_EX DO_FCALL ECHO ECHO RETURN
F1147.php, E O E ECHO INIT_METHOD_CALL SEND_VAL_EX DO_FCALL ECHO ECHO INIT_METHOD_CALL SEND_VAL_EX DO_FCALL ECHO ECHO RETURN
F1148.php, E O E ECHO INIT_METHOD_CALL SEND_VAL_EX DO_FCALL ECHO ECHO INIT_METHOD_CALL SEND_VAL_EX DO_FCALL ECHO ECHO RETURN
F1149.php, E O E ECHO INIT_METHOD_CALL SEND_VAL_EX DO_FCALL ECHO ECHO INIT_METHOD_CALL SEND_VAL_EX DO_FCALL ECHO ECHO RETURN
F115.php, E O E FETCH_CLASS DECLARE_INHERITED_CLASS RETURN
F1150.php, E O E ECHO INIT_METHOD_CALL SEND_VAL_EX DO_FCALL ECHO ECHO RETURN
F1151.php, E O E ECHO INIT_METHOD_CALL SEND_VAL_EX DO_FCALL ECHO ECHO RETURN
F1152.php, E O E ECHO ECHO INIT_METHOD_CALL SEND_VAL_EX DO_FCALL ECHO ECHO RETURN
F1153.php, E O E INIT_METHOD_CALL SEND_VAL_EX DO_FCALL ECHO RETURN
F1154.php, E O E FETCH_OBJ_R INIT_METHOD_CALL DO_FCALL ECHO ISSET_ISEMPTY_CV BOOL_NOT JMPZ ASSIGN ISSET_ISEMPTY_DIM_OBJ BOOL_NOT JMPZ INIT_METHOD_CALL SEND_VAL_EX DO_FCALL ASSIGN_DIM OP_DATA FETCH_OBJ_R INIT_METHOD_CALL FETCH_OBJ_R INIT_METHOD_CALL SEND_VAL_EX SEND_VAR_EX INIT_METHOD_CALL SEND_VAL_EX DO_FCALL SEND_VAR_NO_REF_EX DO_FCALL SEND_VAR_NO_REF_EX DO_FCALL ECHO RETURN
F1155.php, E O E INIT_STATIC_METHOD_CALL SEND_VAL_EX DO_FCALL CONCAT CONCAT ECHO INIT_METHOD_CALL SEND_VAL_EX DO_FCALL ECHO RETURN
F1156.php, E O E ASSIGN ASSIGN INIT_FCALL_BY_NAME SEND_VAL_EX SEND_VAL_EX SEND_VAR_EX DO_FCALL ECHO INIT_FCALL_BY_NAME SEND_VAL_EX SEND_VAL_EX FETCH_DIM_FUNC_ARG SEND_VAR_EX DO_FCALL ECHO INIT_FCALL_BY_NAME SEND_VAL_EX SEND_VAL_EX SEND_VAL_EX SEND_VAL_EX DO_FCALL ECHO INIT_FCALL_BY_NAME SEND_VAL_EX SEND_VAL_EX SEND_VAL_EX FETCH_DIM_FUNC_ARG SEND_VAR_EX DO_FCALL ECHO INIT_FCALL_BY_NAME SEND_VAL_EX DO_FCALL ECHO INIT_FCALL_BY_NAME SEND_VAL_EX DO_FCALL ECHO INIT_FCALL_BY_NAME SEND_VAL_EX DO_FCALL ECHO INIT_FCALL_BY_NAME SEND_VAL_EX DO_FCALL ECHO INIT_FCALL_BY_NAME SEND_VAR_EX DO_FCALL ECHO INIT_FCALL_BY_NAME SEND_VAL_EX DO_FCALL INIT_FCALL_BY_NAME SEND_VAL_EX SEND_VAL_EX DO_FCALL ECHO INIT_FCALL_BY_NAME SEND_VAL_EX SEND_VAL_EX DO_FCALL ECHO RETURN
F1157.php, E O E INIT_STATIC_METHOD_CALL SEND_VAL_EX DO_FCALL BOOL_NOT JMPZ NEW DO_FCALL THROW ECHO INIT_FCALL SEND_VAL INIT_STATIC_METHOD_CALL DO_FCALL SEND_VAR DO_ICALL ECHO ECHO INIT_STATIC_METHOD_CALL DO_FCALL ECHO ECHO INIT_FCALL FETCH_CONSTANT CONCAT FETCH_CONSTANT CONCAT CONCAT SEND_VAL DO_ICALL JMPZ ECHO ECHO INIT_FCALL SEND_VAL SEND_VAL SEND_VAL DO_ICALL JMPZ ECHO JMP ECHO ECHO INIT_FCALL SEND_VAL DO_ICALL JMPZ ECHO JMP ECHO ECHO INIT_FCALL FETCH_CONSTANT SEND_VAL DO_ICALL JMPZ ECHO JMP ECHO ECHO INIT_STATIC_METHOD_CALL SEND_VAL_EX DO_FCALL ASSIGN JMPZ INIT_METHOD_CALL DO_FCALL QM_ASSIGN JMP QM_ASSIGN ASSIGN ISSET_ISEMPTY_CV BOOL_NOT JMPZ ECHO FETCH_DIM_R ECHO ECHO JMP ECHO ECHO INIT_FCALL FETCH_CONSTANT CONCAT SEND_VAL DO_ICALL JMPZ ECHO JMP ECHO ECHO INIT_STATIC_METHOD_CALL SEND_VAL_EX DO_FCALL BOOL_NOT JMPZ ECHO ECHO INIT_STATIC_METHOD_CALL SEND_VAL_EX DO_FCALL JMPZ ECHO JMP ECHO FETCH_OBJ_R INIT_METHOD_CALL SEND_VAL_EX SEND_VAL_EX DO_FCALL ECHO ECHO ECHO FETCH_OBJ_R INIT_METHOD_CALL SEND_VAL_EX SEND_VAL_EX SEND_VAL_EX DO_FCALL ECHO ECHO FETCH_OBJ_R INIT_METHOD_CALL SEND_VAL_EX SEND_VAL_EX SEND_VAL_EX DO_FCALL ECHO ECHO FETCH_OBJ_R INIT_METHOD_CALL SEND_VAL_EX SEND_VAL_EX DO_FCALL ECHO ECHO FETCH_OBJ_R INIT_METHOD_CALL SEND_VAL_EX SEND_VAL_EX DO_FCALL ECHO ECHO RETURN
F1158.php, E O E ECHO RETURN
F1159.php, E O E ECHO FETCH_OBJ_R INIT_METHOD_CALL DO_FCALL ECHO ECHO INIT_FCALL_BY_NAME SEND_VAL_EX DO_FCALL ECHO ECHO FETCH_OBJ_R INIT_METHOD_CALL SEND_VAL_EX DO_FCALL ECHO ECHO FETCH_OBJ_R INIT_METHOD_CALL DO_FCALL ECHO ECHO RETURN
F116.php, E O E FETCH_CLASS DECLARE_INHERITED_CLASS RETURN E O E FETCH_OBJ_R VERIFY_RETURN_TYPE RETURN VERIFY_RETURN_TYPE RETURN E O E RECV ASSIGN_OBJ OP_DATA RETURN E O E RECV_INIT ASSIGN_OBJ OP_DATA FETCH_THIS RETURN RETURN E O E FETCH_OBJ_R VERIFY_RETURN_TYPE RETURN VERIFY_RETURN_TYPE RETURN
F1160.php, E O E INIT_METHOD_CALL SEND_VAL_EX DO_FCALL ECHO INIT_METHOD_CALL SEND_VAL_EX DO_FCALL ECHO RETURN
F1161.php, E O E INIT_METHOD_CALL SEND_VAL_EX DO_FCALL ECHO RETURN
F1162.php, E O E INIT_METHOD_CALL SEND_VAL_EX DO_FCALL ECHO RETURN
F1163.php, E O E INIT_METHOD_CALL SEND_VAL_EX DO_FCALL ECHO RETURN
F1164.php, E O E INIT_METHOD_CALL SEND_VAL_EX DO_FCALL ECHO RETURN
F1165.php, E O E INIT_METHOD_CALL SEND_VAL_EX DO_FCALL ECHO INIT_METHOD_CALL SEND_VAL_EX DO_FCALL ECHO RETURN
F1166.php, E O E INIT_METHOD_CALL SEND_VAL_EX SEND_VAL_EX DO_FCALL ECHO RETURN
F1167.php, E O E FETCH_OBJ_R INIT_METHOD_CALL SEND_VAL_EX SEND_VAL_EX DO_FCALL ASSIGN_OBJ OP_DATA ECHO RETURN
F1168.php, E O E ECHO FETCH_OBJ_R INIT_METHOD_CALL SEND_VAL_EX SEND_VAL_EX DO_FCALL ECHO RETURN
F1169.php, E O E ECHO RETURN
F117.php, E O E NOP RETURN E O E RECV RECV_INIT RECV_INIT INIT_NS_FCALL_BY_NAME SEND_VAR_EX SEND_VAL_EX DO_FCALL IS_NOT_IDENTICAL JMPZ INIT_NS_FCALL_BY_NAME SEND_VAR_EX DO_FCALL JMPZ QM_ASSIGN JMP QM_ASSIGN VERIFY_RETURN_TYPE RETURN INIT_NS_FCALL_BY_NAME SEND_VAR_EX DO_FCALL FETCH_LIST ASSIGN FETCH_LIST ASSIGN FREE JMP_SET INIT_STATIC_METHOD_CALL SEND_VAL_EX DO_FCALL QM_ASSIGN ASSIGN INIT_NS_FCALL_BY_NAME SEND_VAL_EX SEND_VAL_EX INIT_NS_FCALL_BY_NAME SEND_VAR_EX SEND_VAL_EX DO_FCALL SEND_VAR_NO_REF_EX DO_FCALL ASSIGN INIT_NS_FCALL_BY_NAME SEND_VAL_EX SEND_VAL_EX CONCAT CONCAT SEND_VAL_EX DO_FCALL CONCAT CONCAT ASSIGN INIT_STATIC_METHOD_CALL SEND_VAR_EX SEND_VAR_EX DO_FCALL JMPZ CONCAT VERIFY_RETURN_TYPE RETURN JMPNZ_EX INIT_STATIC_METHOD_CALL SEND_VAR_EX SEND_VAL_EX DO_FCALL BOOL_NOT BOOL JMPZ RETURN CONCAT VERIFY_RETURN_TYPE RETURN VERIFY_RETURN_TYPE RETURN E O E RECV RECV RECV_INIT INIT_NS_FCALL_BY_NAME SEND_VAL_EX SEND_VAL_EX SEND_VAR_EX DO_FCALL ASSIGN CONCAT CONCAT ASSIGN INIT_NS_FCALL_BY_NAME SEND_VAR_EX SEND_VAR_EX DO_FCALL ASSIGN IS_IDENTICAL JMPZ VERIFY_RETURN_TYPE RETURN INIT_NS_FCALL_BY_NAME SEND_VAR_EX SEND_VAL_EX SEND_VAR_EX DO_FCALL ASSIGN INIT_NS_FCALL_BY_NAME SEND_VAR_EX INIT_NS_FCALL_BY_NAME SEND_VAR_EX DO_FCALL ADD SEND_VAL_EX DO_FCALL ASSIGN JMPZ INIT_NS_FCALL_BY_NAME SEND_VAR_EX SEND_VAL_EX INIT_NS_FCALL_BY_NAME SEND_VAR_EX DO_FCALL MUL SEND_VAL_EX DO_FCALL ASSIGN INIT_ARRAY INIT_NS_FCALL_BY_NAME SEND_VAL_EX SEND_VAL_EX INIT_STATIC_METHOD_CALL SEND_VAL_EX DO_FCALL SEND_VAR_NO_REF_EX DO_FCALL ADD_ARRAY_ELEMENT ASSIGN INIT_NS_FCALL_BY_NAME SEND_VAR_EX SEND_VAR_EX SEND_VAL_EX DO_FCALL JMPZ VERIFY_RETURN_TYPE RETURN CONCAT CONCAT VERIFY_RETURN_TYPE RETURN VERIFY_RETURN_TYPE RETURN E O E RECV RECV INIT_NS_FCALL_BY_NAME CONCAT SEND_VAL_EX DO_FCALL VERIFY_RETURN_TYPE RETURN VERIFY_RETURN_TYPE RETURN E O E RECV RECV_INIT IS_IDENTICAL JMPZ_EX FETCH_DIM_R INIT_NS_FCALL_BY_NAME FETCH_DIM_FUNC_ARG SEND_VAR_EX DO_FCALL IS_IDENTICAL BOOL JMPZ INIT_STATIC_METHOD_CALL CONCAT SEND_VAL_EX DO_FCALL CAST VERIFY_RETURN_TYPE RETURN IS_IDENTICAL JMPZ INIT_STATIC_METHOD_CALL SEND_VAR_EX DO_FCALL INIT_ARRAY VERIFY_RETURN_TYPE RETURN INIT_NS_FCALL_BY_NAME SEND_VAL_EX DO_FCALL INIT_STATIC_METHOD_CALL SEND_VAR_EX SEND_VAR_EX DO_FCALL VERIFY_RETURN_TYPE RETURN VERIFY_RETURN_TYPE RETURN E O E RECV RECV_INIT IS_NOT_IDENTICAL JMPZ INIT_STATIC_METHOD_CALL SEND_VAR_EX DO_FCALL CONCAT FETCH_CONSTANT CONCAT INIT_ARRAY VERIFY_RETURN_TYPE RETURN FETCH_CONSTANT CONCAT FETCH_CONSTANT CONCAT INIT_ARRAY VERIFY_RETURN_TYPE RETURN VERIFY_RETURN_TYPE RETURN E O E RECV IS_IDENTICAL JMPZ FETCH_CONSTANT CONCAT FETCH_CONSTANT CONCAT INIT_ARRAY VERIFY_RETURN_TYPE RETURN FETCH_CONSTANT INIT_NS_FCALL_BY_NAME SEND_VAL_EX FETCH_CONSTANT SEND_VAL_EX SEND_VAR_EX DO_FCALL CONCAT FETCH_CONSTANT CONCAT INIT_ARRAY VERIFY_RETURN_TYPE RETURN VERIFY_RETURN_TYPE RETURN
F1170.php, E O E INIT_METHOD_CALL SEND_VAL_EX DO_FCALL INIT_METHOD_CALL SEND_VAL_EX SEND_VAL_EX DO_FCALL ECHO RETURN
F1171.php, E O E INIT_METHOD_CALL SEND_VAL_EX DO_FCALL ECHO RETURN
F1172.php, E O E INIT_METHOD_CALL SEND_VAL_EX DO_FCALL ECHO INIT_METHOD_CALL SEND_VAL_EX DO_FCALL ECHO RETURN
F1173.php, E O E ECHO INIT_METHOD_CALL SEND_VAL_EX DO_FCALL ECHO INIT_METHOD_CALL SEND_VAL_EX DO_FCALL ECHO RETURN
F1174.php, E O E ECHO INIT_METHOD_CALL SEND_VAL_EX DO_FCALL ECHO RETURN
F1175.php, E O E FETCH_OBJ_IS FETCH_OBJ_IS ISSET_ISEMPTY_DIM_OBJ JMPZ FETCH_OBJ_R FETCH_OBJ_R FETCH_DIM_R QM_ASSIGN JMP QM_ASSIGN ASSIGN FETCH_DIM_R FETCH_DIM_R INIT_ARRAY ADD_ARRAY_ELEMENT ADD_ARRAY_ELEMENT ASSIGN FETCH_DIM_R FE_RESET_R FE_FETCH_R FETCH_DIM_R FETCH_DIM_W ASSIGN_DIM OP_DATA JMP FE_FREE INIT_FCALL SEND_VAR DO_ICALL ECHO RETURN
F1176.php, E O E ASSIGN FE_RESET_R FE_FETCH_R FETCH_DIM_R FETCH_DIM_R INIT_ARRAY FETCH_DIM_W FETCH_DIM_W ASSIGN_DIM OP_DATA JMP FE_FREE INIT_STATIC_METHOD_CALL SEND_VAR_EX DO_FCALL INIT_METHOD_CALL DO_FCALL ECHO RETURN
F1177.php, E O E ECHO ISSET_ISEMPTY_CV JMPZ QM_ASSIGN JMP QM_ASSIGN ECHO RETURN
F1178.php, E O E ECHO RETURN
F1179.php, E O E FETCH_CLASS DECLARE_INHERITED_CLASS RETURN E O E RECV RECV RECV INIT_DYNAMIC_CALL SEND_VAR_EX SEND_VAR_EX DO_FCALL ASSIGN INIT_METHOD_CALL SEND_VAL_EX SEND_VAL_EX DO_FCALL RETURN RETURN E O E RECV INIT_METHOD_CALL SEND_VAL_EX SEND_VAL_EX DO_FCALL INIT_METHOD_CALL SEND_VAL_EX SEND_VAL_EX DO_FCALL INIT_METHOD_CALL SEND_VAL_EX SEND_VAL_EX SEND_VAL_EX DO_FCALL INIT_METHOD_CALL DO_FCALL RETURN E O E INIT_STATIC_METHOD_CALL DO_FCALL INIT_STATIC_METHOD_CALL SEND_VAL_EX DO_FCALL JMPZ INIT_STATIC_METHOD_CALL SEND_VAL_EX DO_FCALL FE_RESET_R FE_FETCH_R INIT_METHOD_CALL SEND_VAR_EX DO_FCALL JMP FE_FREE RETURN E O E RECV INIT_METHOD_CALL SEND_VAL_EX NEW DO_FCALL SEND_VAR_NO_REF_EX DO_FCALL INIT_METHOD_CALL INIT_METHOD_CALL DO_FCALL SEND_VAR_NO_REF_EX DO_FCALL VERIFY_RETURN_TYPE RETURN VERIFY_RETURN_TYPE RETURN E O E RECV INIT_METHOD_CALL DECLARE_LAMBDA_FUNCTION SEND_VAL_EX DO_FCALL INIT_METHOD_CALL NEW INIT_STATIC_METHOD_CALL SEND_VAL_EX SEND_VAL_EX DO_FCALL SEND_VAR_NO_REF_EX DO_FCALL SEND_VAR_NO_REF_EX DO_FCALL INIT_METHOD_CALL NEW FETCH_THIS SEND_VAR_EX DO_FCALL SEND_VAR_NO_REF_EX DO_FCALL VERIFY_RETURN_TYPE RETURN VERIFY_RETURN_TYPE RETURN E O E RECV INIT_METHOD_CALL SEND_VAL_EX DECLARE_LAMBDA_FUNCTION SEND_VAL_EX DO_FCALL INIT_METHOD_CALL SEND_VAL_EX SEND_VAL_EX DO_FCALL INIT_METHOD_CALL SEND_VAL_EX SEND_VAL_EX DO_FCALL RETURN
F118.php, E O E DECLARE_CLASS ADD_INTERFACE VERIFY_ABSTRACT_CLASS RETURN E O E RECV_INIT FETCH_CLASS_CONSTANT FE_RESET_R FE_FETCH_R ISSET_ISEMPTY_DIM_OBJ JMPZ NOP FAST_CONCAT FETCH_DIM_R CAST ASSIGN_OBJ OP_DATA JMP FE_FREE FE_RESET_R FE_FETCH_R ISSET_ISEMPTY_DIM_OBJ JMPZ FETCH_DIM_R ASSIGN_OBJ OP_DATA JMP FE_FREE INIT_METHOD_CALL DO_FCALL RETURN E O E RETURN E O E FETCH_OBJ_R JMPZ FETCH_OBJ_R VERIFY_RETURN_TYPE RETURN INIT_NS_FCALL_BY_NAME SEND_VAL_EX FETCH_CLASS_NAME SEND_VAL_EX DO_FCALL ASSIGN INIT_NS_FCALL_BY_NAME SEND_VAR_EX DO_FCALL INIT_NS_FCALL_BY_NAME SEND_VAL_EX SEND_VAR_EX DO_FCALL ASSIGN_OBJ OP_DATA FETCH_OBJ_R VERIFY_RETURN_TYPE RETURN VERIFY_RETURN_TYPE RETURN E O E FETCH_OBJ_R JMPZ FETCH_OBJ_R VERIFY_RETURN_TYPE RETURN NEW FETCH_THIS SEND_VAR_EX DO_FCALL ASSIGN INIT_NS_FCALL_BY_NAME INIT_METHOD_CALL DO_FCALL SEND_VAR_NO_REF_EX DO_FCALL ASSIGN INIT_NS_FCALL_BY_NAME SEND_VAR_EX SEND_VAL_EX DO_FCALL IS_IDENTICAL JMPZ INIT_NS_FCALL_BY_NAME SEND_VAR_EX SEND_VAL_EX SEND_VAL_EX DO_FCALL ASSIGN INIT_NS_FCALL_BY_NAME SEND_VAR_EX FETCH_CONSTANT SEND_VAL_EX DO_FCALL FETCH_CONSTANT CONCAT ASSIGN_OBJ OP_DATA FETCH_OBJ_R VERIFY_RETURN_TYPE RETURN VERIFY_RETURN_TYPE RETURN E O E FETCH_OBJ_R JMPZ FETCH_OBJ_R VERIFY_RETURN_TYPE RETURN INIT_METHOD_CALL DO_FCALL ASSIGN CONCAT FETCH_CONSTANT CONCAT VERIFY_RETURN_TYPE RETURN VERIFY_RETURN_TYPE RETURN E O E FETCH_OBJ_R JMPZ FETCH_OBJ_R VERIFY_RETURN_TYPE RETURN INIT_METHOD_CALL DO_FCALL ASSIGN CONCAT FETCH_CONSTANT CONCAT VERIFY_RETURN_TYPE RETURN VERIFY_RETURN_TYPE RETURN E O E FETCH_OBJ_R JMPZ FETCH_OBJ_R VERIFY_RETURN_TYPE RETURN INIT_METHOD_CALL DO_FCALL ASSIGN CONCAT FETCH_CONSTANT CONCAT ASSIGN_OBJ OP_DATA VERIFY_RETURN_TYPE RETURN VERIFY_RETURN_TYPE RETURN E O E RECV INIT_METHOD_CALL SEND_VAR_EX DO_FCALL NOP FAST_CONCAT ASSIGN_OBJ OP_DATA FETCH_THIS RETURN RETURN E O E RECV INIT_METHOD_CALL SEND_VAR_EX DO_FCALL NOP FAST_CONCAT ASSIGN_OBJ OP_DATA FETCH_THIS RETURN RETURN E O E RECV INIT_METHOD_CALL SEND_VAR_EX DO_FCALL NOP FAST_CONCAT FETCH_OBJ_R IS_IDENTICAL VERIFY_RETURN_TYPE RETURN VERIFY_RETURN_TYPE RETURN E O E RECV INIT_NS_FCALL_BY_NAME SEND_VAR_EX FETCH_CLASS_CONSTANT SEND_VAL_EX SEND_VAL_EX DO_FCALL BOOL_NOT JMPZ NEW ROPE_INIT ROPE_ADD ROPE_END INIT_NS_FCALL_BY_NAME SEND_VAL_EX FETCH_CLASS_CONSTANT SEND_VAL_EX DO_FCALL CONCAT SEND_VAL_EX DO_FCALL THROW RETURN E O E RECV INIT_METHOD_CALL DO_FCALL CONCAT ASSIGN INIT_NS_FCALL_BY_NAME SEND_VAR_EX DO_FCALL JMPZ INCLUDE_OR_EVAL REQUIRE RETURN E O E RECV INIT_METHOD_CALL DO_FCALL CONCAT ASSIGN INIT_NS_FCALL_BY_NAME SEND_VAR_EX DO_FCALL JMPZ INCLUDE_OR_EVAL REQUIRE RETURN E O E RECV INIT_METHOD_CALL INIT_METHOD_CALL INIT_METHOD_CALL DO_FCALL SEND_VAR_NO_REF_EX DO_FCALL SEND_VAR_NO_REF_EX DO_FCALL VERIFY_RETURN_TYPE RETURN VERIFY_RETURN_TYPE RETURN E O E RECV VERIFY_RETURN_TYPE RETURN VERIFY_RETURN_TYPE RETURN
F1180.php, E O E FETCH_CLASS DECLARE_INHERITED_CLASS RETURN E O E RETURN E O E RECV INIT_METHOD_CALL NEW FETCH_THIS SEND_VAR_EX DO_FCALL SEND_VAR_NO_REF_EX DO_FCALL VERIFY_RETURN_TYPE RETURN VERIFY_RETURN_TYPE RETURN
